Data;Mês;Cód Produto;Descrição;Quantidade;Área;Turno;Cód Quebra;Motivo;Colaborador;Função;VALOR DA AVARIA;HECTO LITRO;HECTO PERDIDO;Origem
22/06/2026;JUNHO;1166;SUKITA UVA P2;1;PUXADA;NOITE;578;VAZAMENTO;;;3.347966667;0.02;0.02;CSV detalhado
22/06/2026;JUNHO;13061;H2OH LIMONETO PET500ML;1;PUXADA;NOITE;575;ESTUFADO;;;2.732475;0.005;0.005;CSV detalhado
22/06/2026;JUNHO;13061;H2OH LIMONETO PET500ML;1;PUXADA;MANHÃ;578;VAZAMENTO;;;2.732475;0.005;0.005;CSV detalhado
22/06/2026;JUNHO;13566;SKOL BEATS SENSES 269ML;1;PUXADA;MANHÃ;578;VAZAMENTO;;;3.675475;0.00269;0.00269;CSV detalhado
22/06/2026;JUNHO;2008;SUBZERO 350ML;1;PUXADA;MANHÃ;578;VAZAMENTO;;;2.250633333;0.0035;0.0035;CSV detalhado
22/06/2026;JUNHO;21020;BUDWEISER 350ML;10;PUXADA;MANHÃ;575;ESTUFADO;;;26.48683333;0.0035;0.035;CSV detalhado
22/06/2026;JUNHO;21441;SUKITA LIMÃO P2;1;PUXADA;NOITE;578;VAZAMENTO;;;3.17;0.02;0.02;CSV detalhado
22/06/2026;JUNHO;21658;SPATEN LT 350ML;2;PUXADA;NOITE;575;ESTUFADO;;;6.6925;0.0035;0.007;CSV detalhado
22/06/2026;JUNHO;21658;SPATEN LT 350ML;1;PUXADA;MANHÃ;575;ESTUFADO;;;3.34625;0.0035;0.0035;CSV detalhado
22/06/2026;JUNHO;2349;GUARANÁ CHP P2;4;PUXADA;NOITE;578;VAZAMENTO;;;18.9282;0.02;0.08;CSV detalhado
22/06/2026;JUNHO;2349;GUARANÁ CHP P2;5;PUXADA;MANHÃ;578;VAZAMENTO;;;23.66025;0.02;0.1;CSV detalhado
22/06/2026;JUNHO;2350;SODA P2;2;PUXADA;NOITE;578;VAZAMENTO;;;9.006633333;0.02;0.04;CSV detalhado
22/06/2026;JUNHO;2353;GUARANÁ DIET P2;4;PUXADA;MANHÃ;578;VAZAMENTO;;;18.724;0.02;0.08;CSV detalhado
22/06/2026;JUNHO;35617;BEATS GREEN MIX LATA;3;PUXADA;MANHÃ;578;VAZAMENTO;;;14.51625;0.00269;0.00807;CSV detalhado
22/06/2026;JUNHO;4409;PEPSI TWIST P2;6;PUXADA;NOITE;578;VAZAMENTO;;;32;0.02;0.12;CSV detalhado
22/06/2026;JUNHO;503;SUKITA P2;6;PUXADA;NOITE;578;VAZAMENTO;;;19.4514;0.02;0.12;CSV detalhado
22/06/2026;JUNHO;504;PEPSI P2;2;PUXADA;NOITE;578;VAZAMENTO;;;8.9909;0.02;0.04;CSV detalhado
22/06/2026;JUNHO;504;PEPSI P2;2;PUXADA;MANHÃ;578;VAZAMENTO;;;8.9909;0.02;0.04;CSV detalhado
22/06/2026;JUNHO;7325;PEPSI P1;2;PUXADA;NOITE;575;ESTUFADO;;;5.682433333;0.01;0.02;CSV detalhado
22/06/2026;JUNHO;7977;GATORADE UVA;1;PUXADA;MANHÃ;578;VAZAMENTO;;;3.857283333;0.005;0.005;CSV detalhado
22/06/2026;JUNHO;9067;AP 350ML;6;PUXADA;MANHÃ;575;ESTUFADO;;;14.477;0.0035;0.021;CSV detalhado
22/06/2026;JUNHO;9068;SKOL 350ML;9;PUXADA;NOITE;575;ESTUFADO;;;21.39;0.0035;0.0315;CSV detalhado
22/06/2026;JUNHO;9083;SKOL 473ML;1;PUXADA;NOITE;575;ESTUFADO;;;3.1532;0.00473;0.00473;CSV detalhado
22/06/2026;JUNHO;9083;SKOL 473ML;1;PUXADA;MANHÃ;575;ESTUFADO;;;3.1532;0.00473;0.00473;CSV detalhado
22/06/2026;JUNHO;9085;ANTARCTICA DIET LATA 350ML;6;PUXADA;NOITE;575;ESTUFADO;;;11.16665;0.0035;0.021;CSV detalhado
22/06/2026;JUNHO;9085;ANTARCTICA DIET LATA 350ML;2;PUXADA;MANHÃ;578;VAZAMENTO;;;3.722216667;0.0035;0.007;CSV detalhado
22/06/2026;JUNHO;9276;PEPSI ZERO P2;5;PUXADA;MANHÃ;578;VAZAMENTO;;;21.77533333;0.02;0.1;CSV detalhado
23/06/2026;JUNHO;12948;BRAHMA CHOPP ZERO LATA;2;PUXADA;MANHÃ;575;ESTUFADO;;;5.148566667;0.0035;0.007;CSV detalhado
23/06/2026;JUNHO;13061;H2OH LIMONETO PET500ML;1;PUXADA;MANHÃ;578;VAZAMENTO;;;2.732475;0.005;0.005;CSV detalhado
23/06/2026;JUNHO;19229;RED BULL SIX PACK;1;PUXADA;NOITE;578;VAZAMENTO;;;6.204766667;0.0025;0.0025;CSV detalhado
23/06/2026;JUNHO;19668;ORIGINAL 350ML;5;PUXADA;MANHÃ;575;ESTUFADO;;;15.656625;0.0035;0.0175;CSV detalhado
23/06/2026;JUNHO;21020;BUDWEISER 350ML;2;PUXADA;NOITE;575;ESTUFADO;;;5.297366667;0.0035;0.007;CSV detalhado
23/06/2026;JUNHO;21020;BUDWEISER 350ML;4;PUXADA;MANHÃ;575;ESTUFADO;;;10.59473333;0.0035;0.014;CSV detalhado
23/06/2026;JUNHO;21441;SUKITA LIMÃO P2;1;PUXADA;MANHÃ;578;VAZAMENTO;;;3.17;0.02;0.02;CSV detalhado
23/06/2026;JUNHO;21658;SPATEN LT 350ML;1;PUXADA;NOITE;575;ESTUFADO;;;3.34625;0.0035;0.0035;CSV detalhado
23/06/2026;JUNHO;22177;BUD ZERO LATA;1;PUXADA;NOITE;578;VAZAMENTO;;;2.8877;0.0035;0.0035;CSV detalhado
23/06/2026;JUNHO;2319;GUARANÁ CHP PET 1L;1;PUXADA;NOITE;578;VAZAMENTO;;;2.851933333;0.01;0.01;CSV detalhado
23/06/2026;JUNHO;2319;GUARANÁ CHP PET 1L;1;PUXADA;MANHÃ;578;VAZAMENTO;;;2.851933333;0.01;0.01;CSV detalhado
23/06/2026;JUNHO;2349;GUARANÁ CHP P2;5;PUXADA;NOITE;578;VAZAMENTO;;;23.66025;0.02;0.1;CSV detalhado
23/06/2026;JUNHO;2349;GUARANÁ CHP P2;7;PUXADA;MANHÃ;578;VAZAMENTO;;;33.12435;0.02;0.14;CSV detalhado
23/06/2026;JUNHO;2350;SODA P2;5;PUXADA;MANHÃ;578;VAZAMENTO;;;22.51658333;0.02;0.1;CSV detalhado
23/06/2026;JUNHO;24408;QDM TINO SECO 750ML;1;PUXADA;MANHÃ;589;QUEBRA COM MOVIMENTAÇÃO;;;13.77;0.0075;0.0075;CSV detalhado
23/06/2026;JUNHO;32526;PETROPOLIS S/G 500ML;1;PUXADA;MANHÃ;578;VAZAMENTO;;;0.881658333;0.005;0.005;CSV detalhado
23/06/2026;JUNHO;34263;CORONA CERO LATA;2;PUXADA;MANHÃ;575;ESTUFADO;;;7.0525;0.0035;0.007;CSV detalhado
23/06/2026;JUNHO;34454;H2OH LIMONETO LATA;1;PUXADA;MANHÃ;578;VAZAMENTO;;;2.8;0.0035;0.0035;CSV detalhado
23/06/2026;JUNHO;34454;H2OH LIMONETO LATA;4;PUXADA;NOITE;575;ESTUFADO;;;11.2;0.0035;0.014;CSV detalhado
23/06/2026;JUNHO;34479;ELEVE SG 1,5 ML;1;PUXADA;NOITE;578;VAZAMENTO;;;2.236666667;0.015;0.015;CSV detalhado
23/06/2026;JUNHO;34918;DIAS DAVILA SG 500ML;1;PUXADA;MANHÃ;578;VAZAMENTO;;;1.628333333;0.005;0.005;CSV detalhado
23/06/2026;JUNHO;4409;PEPSI TWIST P2;2;PUXADA;MANHÃ;578;VAZAMENTO;;;10.66666667;0.02;0.04;CSV detalhado
23/06/2026;JUNHO;503;SUKITA P2;1;PUXADA;NOITE;578;VAZAMENTO;;;3.2419;0.02;0.02;CSV detalhado
23/06/2026;JUNHO;9067;AP 350ML;3;PUXADA;MANHÃ;578;VAZAMENTO;;;7.2385;0.0035;0.0105;CSV detalhado
23/06/2026;JUNHO;9069;BRAHMA CHOPP 350ML;8;PUXADA;NOITE;575;ESTUFADO;;;19.00686667;0.0035;0.028;CSV detalhado
23/06/2026;JUNHO;9069;BRAHMA CHOPP 350ML;1;PUXADA;MANHÃ;575;ESTUFADO;;;2.375858333;0.0035;0.0035;CSV detalhado
23/06/2026;JUNHO;9071;CARACU 350ML;1;PUXADA;MANHÃ;578;VAZAMENTO;;;4.258333333;0.0035;0.0035;CSV detalhado
23/06/2026;JUNHO;9083;SKOL 473ML;18;PUXADA;MANHÃ;575;ESTUFADO;;;56.7576;0.00473;0.08514;CSV detalhado
23/06/2026;JUNHO;9085;ANTARCTICA DIET LATA 350ML;5;PUXADA;NOITE;575;ESTUFADO;;;9.305541667;0.0035;0.0175;CSV detalhado
23/06/2026;JUNHO;9096;PEPSI LATA 350ML;2;PUXADA;MANHÃ;578;VAZAMENTO;;;3.337933333;0.0035;0.007;CSV detalhado
23/06/2026;JUNHO;9320;BRAHMA CHOPP 473ML;3;PUXADA;MANHÃ;575;ESTUFADO;;;8.864925;0.00473;0.01419;CSV detalhado
23/06/2026;JUNHO;9427;AP LATA 473 MP;1;PUXADA;MANHÃ;575;ESTUFADO;;;3.825;0.00473;0.00473;CSV detalhado
23/06/2026;JUNHO;9427;AP LATA 473 MP;8;PUXADA;NOITE;575;ESTUFADO;;;30.6;0.00473;0.03784;CSV detalhado
23/06/2026;JUNHO;9795;GUARANÁ DIET P1;2;PUXADA;NOITE;578;VAZAMENTO;;;5.574183333;0.01;0.02;CSV detalhado
24/06/2026;JUNHO;12948;BRAHMA CHOPP ZERO LATA 350ML SH C/12 NPAL;1;PUXADA;NOITE;578;VAZAMENTO;N/A;N/A;2,52;0.00520408;0,0052;Histórico do dia da semana (registro detalhado)
24/06/2026;JUNHO;19225;RED BULL BR LATA 250ML CX C 24 NPAL .;1;ENTREGA;MANHÃ;548;VAZAMENTO;N/A;N/A;2,525;0.00520408;0,0052;Histórico do dia da semana (registro detalhado)
24/06/2026;JUNHO;19225;RED BULL C24;1;PUXADA;MANHÃ;578;VAZAMENTO;N/A;N/A;2,525;0.00520408;0,0052;Histórico do dia da semana (registro detalhado)
24/06/2026;JUNHO;19225;RED BULL C24;1;ENTREGA;MANHÃ;548;VAZAMENTO;N/A;N/A;2,525;0.00520408;0,0052;Histórico do dia da semana (registro detalhado)
24/06/2026;JUNHO;19321;GUARANA ANTARCTICA ZERO PET 200ML SH C/12;1;PUXADA;NOITE;578;VAZAMENTO;N/A;N/A;2,525;0.00520408;0,0052;Histórico do dia da semana (registro detalhado)
24/06/2026;JUNHO;20498;DUPLO MALTE 350ML;1;PUXADA;NOITE;575;ESTUFADO;N/A;N/A;2,525;0.00520408;0,0052;Histórico do dia da semana (registro detalhado)
24/06/2026;JUNHO;20498;DUPLO MALTE 350ML;1;PUXADA;MANHÃ;578;VAZAMENTO;N/A;N/A;2,525;0.00520408;0,0052;Histórico do dia da semana (registro detalhado)
24/06/2026;JUNHO;21020;BUDWEISER 350ML;1;PUXADA;NOITE;578;VAZAMENTO;N/A;N/A;2,52;0.00520408;0,0052;Histórico do dia da semana (registro detalhado)
24/06/2026;JUNHO;21020;BUDWEISER 350ML;1;PUXADA;MANHÃ;575;ESTUFADO;N/A;N/A;2,525;0.00520408;0,0052;Histórico do dia da semana (registro detalhado)
24/06/2026;JUNHO;21020;BUDWEISER 350ML;1;ENTREGA;MANHÃ;548;VAZAMENTO;N/A;N/A;2,51666667;0.00520408;0,0052;Histórico do dia da semana (registro detalhado)
24/06/2026;JUNHO;21020;BUDWEISER LT SLEEK 350ML CX CART C 12;1;PUXADA;MANHÃ;578;VAZAMENTO;N/A;N/A;2,525;0.00520408;0,0052;Histórico do dia da semana (registro detalhado)
24/06/2026;JUNHO;22180;BUDWEISER ZERO LONG NECK 330ML SIX-PACK SHRINK C/4;1;PUXADA;NOITE;577;QUEBRADA;N/A;N/A;2,525;0.00520408;0,0052;Histórico do dia da semana (registro detalhado)
24/06/2026;JUNHO;22180;BUDWEISER ZERO LONG NECK 330ML SIX-PACK SHRINK C/4;1;PUXADA;MANHÃ;584;MAL CHEIO;N/A;N/A;2,525;0.00520408;0,0052;Histórico do dia da semana (registro detalhado)
24/06/2026;JUNHO;2319;GUARANA CHP ANTARCTICA PET 1L CAIXA C/12;1;PUXADA;NOITE;578;VAZAMENTO;N/A;N/A;2,52;0.00520408;0,0052;Histórico do dia da semana (registro detalhado)
24/06/2026;JUNHO;2319;GUARANÁ CHP PET 1L;1;PUXADA;NOITE;578;VAZAMENTO;N/A;N/A;2,51666667;0.00520408;0,0052;Histórico do dia da semana (registro detalhado)
24/06/2026;JUNHO;2349;GUARANA CHP ANTARCTICA PET 2L CAIXA C/6;5;PUXADA;MANHÃ;578;VAZAMENTO;N/A;N/A;12,62443439;0.00520408;0,0260181;Histórico do dia da semana (registro detalhado)
24/06/2026;JUNHO;2349;GUARANA CHP ANTARCTICA PET 2L CAIXA C/6;4;PUXADA;NOITE;578;VAZAMENTO;N/A;N/A;10,09418283;0.00520408;0,02081994;Histórico do dia da semana (registro detalhado)
24/06/2026;JUNHO;2349;GUARANÁ CHP P2;2;ENTREGA;MANHÃ;548;VAZAMENTO;N/A;N/A;5,04964539;0.00520408;0,01041135;Histórico do dia da semana (registro detalhado)
24/06/2026;JUNHO;2349;GUARANÁ CHP P2;1;PUXADA;NOITE;578;VAZAMENTO;N/A;N/A;2,525;0.00520408;0,0052;Histórico do dia da semana (registro detalhado)
24/06/2026;JUNHO;2350;SODA P2;1;PUXADA;NOITE;578;VAZAMENTO;N/A;N/A;2,525;0.00520408;0,0052;Histórico do dia da semana (registro detalhado)
24/06/2026;JUNHO;32526;PETROPOLIS AGUA MIN SEM GAS GARRAFA PET 500MLCX C12;1;PUXADA;MANHÃ;578;VAZAMENTO;N/A;N/A;2,525;0.00520408;0,0052;Histórico do dia da semana (registro detalhado)
24/06/2026;JUNHO;32526;PETROPOLIS S/G 500ML;1;PUXADA;NOITE;578;VAZAMENTO;N/A;N/A;2,525;0.00520408;0,0052;Histórico do dia da semana (registro detalhado)
24/06/2026;JUNHO;33734;BEATS RED MIX LT 269ML SH C/8;1;PUXADA;MANHÃ;578;VAZAMENTO;N/A;N/A;2,51666667;0.00520408;0,0052;Histórico do dia da semana (registro detalhado)
24/06/2026;JUNHO;34454;H2OH LIMONETO LT SLEEK 350ML SH C 12;10;PUXADA;MANHÃ;578;VAZAMENTO;N/A;N/A;25,24414062;0.00520408;0,05204102;Histórico do dia da semana (registro detalhado)
24/06/2026;JUNHO;34608;SKOL LATA 350ML SH C/12 NPAL MULTIPACK;4;PUXADA;MANHÃ;578;VAZAMENTO;N/A;N/A;10,09950249;0.00520408;0,02081592;Histórico do dia da semana (registro detalhado)
24/06/2026;JUNHO;34608;SKOL LATA 350ML SH C/12 NPAL MULTIPACK;4;ENTREGA;MANHÃ;548;VAZAMENTO;N/A;N/A;10,09970674;0.00520408;0,02082111;Histórico do dia da semana (registro detalhado)
24/06/2026;JUNHO;34608;SKOL LATA 350ML SH C/12 NPAL MULTIPACK;2;PUXADA;MANHÃ;575;ESTUFADO;N/A;N/A;5,04477612;0.00520408;0,01040796;Histórico do dia da semana (registro detalhado)
24/06/2026;JUNHO;34608;SKOL MULTIPACK;10;ENTREGA;MANHÃ;548;VAZAMENTO;N/A;N/A;25,24637681;0.00520408;0,05203865;Histórico do dia da semana (registro detalhado)
24/06/2026;JUNHO;503;SUKITA PET 2L CAIXA C/6;1;PUXADA;MANHÃ;578;VAZAMENTO;N/A;N/A;2,525;0.00520408;0,0052;Histórico do dia da semana (registro detalhado)
24/06/2026;JUNHO;7325;PEPSI COLA PET 1L CAIXA C/12;2;PUXADA;MANHÃ;578;VAZAMENTO;N/A;N/A;5,04347826;0.00520408;0,01040994;Histórico do dia da semana (registro detalhado)
24/06/2026;JUNHO;7325;PEPSI COLA PET 1L CAIXA C/12;2;PUXADA;NOITE;578;VAZAMENTO;N/A;N/A;5,04964539;0.00520408;0,01041135;Histórico do dia da semana (registro detalhado)
24/06/2026;JUNHO;9067;ANTARCTICA PILSEN LATA 350ML SH C/12 NPAL;3;PUXADA;NOITE;578;VAZAMENTO;N/A;N/A;7,56939502;0.00520408;0,01560854;Histórico do dia da semana (registro detalhado)
24/06/2026;JUNHO;9067;AP 350ML;2;ARMAZEM;MANHÃ;Selecione;QUEBRADA;N/A;N/A;5,04977376;0.00520408;0,01040724;Histórico do dia da semana (registro detalhado)
24/06/2026;JUNHO;9068;SKOL 350ML;4;PUXADA;MANHÃ;578;VAZAMENTO;N/A;N/A;10,09478673;0.00520408;0,02081517;Histórico do dia da semana (registro detalhado)
24/06/2026;JUNHO;9068;SKOL LATA 350ML SH C/12 NPAL;3;PUXADA;MANHÃ;578;VAZAMENTO;N/A;N/A;7,57471264;0.00520408;0,0156092;Histórico do dia da semana (registro detalhado)
24/06/2026;JUNHO;9069;BRAHMA CHOPP LATA 350ML SH C/12 NPAL;3;PUXADA;MANHÃ;578;VAZAMENTO;N/A;N/A;7,57475083;0.00520408;0,01560797;Histórico do dia da semana (registro detalhado)
24/06/2026;JUNHO;9069;BRAHMA CHOPP LATA 350ML SH C/12 NPAL;1;ENTREGA;MANHÃ;548;VAZAMENTO;N/A;N/A;2,52;0.00520408;0,0052;Histórico do dia da semana (registro detalhado)
24/06/2026;JUNHO;9083;SKOL LT 473ML SH C/12 NPAL;1;PUXADA;MANHÃ;578;VAZAMENTO;N/A;N/A;2,51666667;0.00520408;0,0052;Histórico do dia da semana (registro detalhado)
24/06/2026;JUNHO;9084;ANTARCTICA LATA 350ML;2;ENTREGA;MANHÃ;545;ESTUFADO;N/A;N/A;5,04477612;0.00520408;0,01040796;Histórico do dia da semana (registro detalhado)
24/06/2026;JUNHO;9084;ANTARCTICA LATA 350ML;1;PUXADA;MANHÃ;578;VAZAMENTO;N/A;N/A;2,51666667;0.00520408;0,0052;Histórico do dia da semana (registro detalhado)
24/06/2026;JUNHO;9084;GUARANA CHP ANTARCTICA LATA 350ML SH C/12 NPAL;1;ENTREGA;MANHÃ;548;VAZAMENTO;N/A;N/A;2,525;0.00520408;0,0052;Histórico do dia da semana (registro detalhado)
24/06/2026;JUNHO;9085;GUARANA CHP ANTARCTICA DIET LATA 350ML SH C/12 NPAL;1;PUXADA;MANHÃ;575;ESTUFADO;N/A;N/A;2,51666667;0.00520408;0,0052;Histórico do dia da semana (registro detalhado)
24/06/2026;JUNHO;9091;TONICA ANTARCTICA LATA 350ML SH C/12 NPAL;1;PUXADA;MANHÃ;578;VAZAMENTO;N/A;N/A;2,525;0.00520408;0,0052;Histórico do dia da semana (registro detalhado)
24/06/2026;JUNHO;9320;BRAHMA CHOPP LT 473ML SH C/12 NPAL;9;ARMAZEM;MANHÃ;539;QUEBRA COM MOVIMENTAÇÃO;N/A;N/A;22,7239819;0.00520408;0,04683258;Histórico do dia da semana (registro detalhado)
25/06/2026;JUNHO;13065;H2OH LIMONETO PET 1,5L;1;ENTREGA;MANHÃ;548;VAZAMENTO;;;4.5385;0.015;0.015;CSV detalhado
25/06/2026;JUNHO;18807;STELLA LN 330ML;9;PUXADA;NOITE;589;QUEBRA COM MOVIMENTAÇÃO;;;38.1456375;0.0033;0.0297;CSV detalhado
25/06/2026;JUNHO;19225;RED BULL C24;1;PUXADA;NOITE;578;VAZAMENTO;;;5.7561375;0.0025;0.0025;CSV detalhado
25/06/2026;JUNHO;19668;ORIGINAL 350ML;1;ENTREGA;MANHÃ;548;VAZAMENTO;;;3.131325;0.0035;0.0035;CSV detalhado
25/06/2026;JUNHO;20651;CORONA LATA 350ML;2;PUXADA;MANHÃ;575;ESTUFADO;;;7.48675;0.0035;0.007;CSV detalhado
25/06/2026;JUNHO;21020;BUDWEISER 350ML;2;PUXADA;MANHÃ;575;ESTUFADO;;;5.297366667;0.0035;0.007;CSV detalhado
25/06/2026;JUNHO;21119;BEATS GT C8;4;PUXADA;NOITE;575;ESTUFADO;;;15.6327;0.00269;0.01076;CSV detalhado
25/06/2026;JUNHO;21632;SPATEN LN 355;11;PUXADA;NOITE;589;QUEBRA COM MOVIMENTAÇÃO;;;43.35090833;0.00355;0.03905;CSV detalhado
25/06/2026;JUNHO;22177;BUD ZERO LATA;2;PUXADA;MANHÃ;575;ESTUFADO;;;5.7754;0.0035;0.007;CSV detalhado
25/06/2026;JUNHO;2319;GUARANÁ CHP PET 1L;5;PUXADA;NOITE;578;VAZAMENTO;;;14.25966667;0.01;0.05;CSV detalhado
25/06/2026;JUNHO;2319;GUARANÁ CHP PET 1L;8;PUXADA;MANHÃ;578;VAZAMENTO;;;22.81546667;0.01;0.08;CSV detalhado
25/06/2026;JUNHO;2349;GUARANÁ CHP P2;1;PUXADA;NOITE;578;VAZAMENTO;;;4.73205;0.02;0.02;CSV detalhado
25/06/2026;JUNHO;2353;GUARANÁ DIET P2;5;PUXADA;MANHÃ;578;VAZAMENTO;;;23.405;0.02;0.1;CSV detalhado
25/06/2026;JUNHO;2538;AP 600;1;PUXADA;NOITE;577;QUEBRADA;;;4.018166667;0.006;0.006;CSV detalhado
25/06/2026;JUNHO;2538;AP 600;1;PUXADA;NOITE;589;QUEBRA COM MOVIMENTAÇÃO;;;4.018166667;0.006;0.006;CSV detalhado
25/06/2026;JUNHO;32126;32126;2;PUXADA;MANHÃ;585;VENCIDO;;;0.884333333;0.00024;0.00048;CSV detalhado
25/06/2026;JUNHO;33857;STELLA ARTOIS GOLD 600 ML;1;PUXADA;NOITE;577;QUEBRADA;;;9;0.006;0.006;CSV detalhado
25/06/2026;JUNHO;34454;H2OH LIMONETO LATA;3;PUXADA;MANHÃ;578;VAZAMENTO;;;8.4;0.0035;0.0105;CSV detalhado
25/06/2026;JUNHO;34608;SKOL MULTIPACK;9;PUXADA;NOITE;578;VAZAMENTO;;;29.25;0.0035;0.0315;CSV detalhado
25/06/2026;JUNHO;347;SUKITA P1;2;PUXADA;NOITE;578;VAZAMENTO;;;5.079433333;0.01;0.02;CSV detalhado
25/06/2026;JUNHO;504;PEPSI P2;3;PUXADA;NOITE;578;VAZAMENTO;;;13.48635;0.02;0.06;CSV detalhado
25/06/2026;JUNHO;7982;Gatorade Limão;1;PUXADA;MANHÃ;578;VAZAMENTO;;;3.900133333;0.005;0.005;CSV detalhado
25/06/2026;JUNHO;9067;AP 350ML;2;PUXADA;NOITE;578;VAZAMENTO;;;4.825666667;0.0035;0.007;CSV detalhado
25/06/2026;JUNHO;9068;SKOL 350ML;1;ENTREGA;MANHÃ;548;VAZAMENTO;;;2.376666667;0.0035;0.0035;CSV detalhado
25/06/2026;JUNHO;9083;SKOL 473ML;4;PUXADA;NOITE;575;ESTUFADO;;;12.6128;0.00473;0.01892;CSV detalhado
25/06/2026;JUNHO;9084;ANTARCTICA LATA 350ML;6;PUXADA;NOITE;578;VAZAMENTO;;;11.06125;0.0035;0.021;CSV detalhado
25/06/2026;JUNHO;9084;ANTARCTICA LATA 350ML;14;PUXADA;MANHÃ;575;ESTUFADO;;;25.80958333;0.0035;0.049;CSV detalhado
25/06/2026;JUNHO;9085;ANTARCTICA DIET LATA 350ML;2;PUXADA;NOITE;578;VAZAMENTO;;;3.722216667;0.0035;0.007;CSV detalhado
25/06/2026;JUNHO;9085;ANTARCTICA DIET LATA 350ML;8;PUXADA;MANHÃ;575;ESTUFADO;;;14.88886667;0.0035;0.028;CSV detalhado
25/06/2026;JUNHO;9087;SODA 350ML;1;PUXADA;NOITE;578;VAZAMENTO;;;1.617691667;0.0035;0.0035;CSV detalhado
25/06/2026;JUNHO;9087;SODA 350ML;2;PUXADA;MANHÃ;575;ESTUFADO;;;3.235383333;0.0035;0.007;CSV detalhado
26/06/2026;JUNHO;12948;BRAHMA CHOPP ZERO LATA;4;PUXADA;MANHÃ;575;ESTUFADO;;;10.29713333;0.0035;0.014;CSV detalhado
26/06/2026;JUNHO;13566;SKOL BEATS SENSES 269ML;2;PUXADA;MANHÃ;578;VAZAMENTO;;;7.35095;0.00269;0.00538;CSV detalhado
26/06/2026;JUNHO;18807;STELLA LN 330ML;11;PUXADA;NOITE;589;QUEBRA COM MOVIMENTAÇÃO;;;46.62244583;0.0033;0.0363;CSV detalhado
26/06/2026;JUNHO;19225;RED BULL C24;1;PUXADA;MANHÃ;578;VAZAMENTO;;;5.7561375;0.0025;0.0025;CSV detalhado
26/06/2026;JUNHO;19668;ORIGINAL 350ML;2;PUXADA;MANHÃ;578;VAZAMENTO;;;6.26265;0.0035;0.007;CSV detalhado
26/06/2026;JUNHO;21020;BUDWEISER 350ML;9;PUXADA;NOITE;589;QUEBRA COM MOVIMENTAÇÃO;;;23.83815;0.0035;0.0315;CSV detalhado
26/06/2026;JUNHO;21632;SPATEN LN 355;15;PUXADA;NOITE;575;ESTUFADO;;;59.114875;0.00355;0.05325;CSV detalhado
26/06/2026;JUNHO;2319;GUARANÁ CHP PET 1L;4;PUXADA;NOITE;575;ESTUFADO;;;11.40773333;0.01;0.04;CSV detalhado
26/06/2026;JUNHO;2349;GUARANÁ CHP P2;1;PUXADA;NOITE;578;VAZAMENTO;;;4.73205;0.02;0.02;CSV detalhado
26/06/2026;JUNHO;2353;GUARANÁ DIET P2;8;PUXADA;MANHÃ;578;VAZAMENTO;;;37.448;0.02;0.16;CSV detalhado
26/06/2026;JUNHO;24256;PETRÓPOLIS 1,5L;5;PUXADA;MANHÃ;578;VAZAMENTO;;;7.916583333;0.015;0.075;CSV detalhado
26/06/2026;JUNHO;26462;ORIGINAL 473ML;5;PUXADA;MANHÃ;578;VAZAMENTO;;;17.36391667;0.00473;0.02365;CSV detalhado
26/06/2026;JUNHO;31064;BUDWEISER 269,ML;2;PUXADA;MANHÃ;578;VAZAMENTO;;;4.490666667;0.00269;0.00538;CSV detalhado
26/06/2026;JUNHO;35617;BEATS GREEN MIX LATA;17;PUXADA;NOITE;575;ESTUFADO;;;82.25875;0.00269;0.04573;CSV detalhado
26/06/2026;JUNHO;4409;PEPSI TWIST P2;1;PUXADA;NOITE;578;VAZAMENTO;;;5.333333333;0.02;0.02;CSV detalhado
26/06/2026;JUNHO;503;SUKITA P2;2;PUXADA;NOITE;578;VAZAMENTO;;;6.4838;0.02;0.04;CSV detalhado
26/06/2026;JUNHO;504;PEPSI P2;12;PUXADA;NOITE;578;VAZAMENTO;;;53.9454;0.02;0.24;CSV detalhado
26/06/2026;JUNHO;9067;AP 350ML;3;PUXADA;MANHÃ;578;VAZAMENTO;;;7.2385;0.0035;0.0105;CSV detalhado
26/06/2026;JUNHO;9068;SKOL 350ML;1;PUXADA;MANHÃ;578;VAZAMENTO;;;2.376666667;0.0035;0.0035;CSV detalhado
26/06/2026;JUNHO;9069;BRAHMA CHOPP 350ML;17;PUXADA;NOITE;575;ESTUFADO;;;40.38959167;0.0035;0.0595;CSV detalhado
26/06/2026;JUNHO;9081;MALZBIER LATA 350ML;3;PUXADA;MANHÃ;578;VAZAMENTO;;;9.475;0.0035;0.0105;CSV detalhado
26/06/2026;JUNHO;9083;SKOL 473ML;2;PUXADA;MANHÃ;578;VAZAMENTO;;;6.3064;0.00473;0.00946;CSV detalhado
26/06/2026;JUNHO;9427;AP LATA 473 MP;1;PUXADA;MANHÃ;578;VAZAMENTO;;;3.825;0.00473;0.00473;CSV detalhado
29/06/2026;JUNHO;1745;SKOL 269ML;1;PUXADA;MANHÃ;575;ESTUFADO;;;2.060433333;0.00269;0.00269;CSV detalhado
29/06/2026;JUNHO;19668;ORIGINAL 350ML;3;PUXADA;NOITE;578;VAZAMENTO;;;9.393975;0.0035;0.0105;CSV detalhado
29/06/2026;JUNHO;21020;BUDWEISER 350ML;4;PUXADA;NOITE;578;VAZAMENTO;;;10.59473333;0.0035;0.014;CSV detalhado
29/06/2026;JUNHO;2349;GUARANÁ CHP P2;3;PUXADA;MANHÃ;578;VAZAMENTO;;;14.19615;0.02;0.06;CSV detalhado
29/06/2026;JUNHO;32067;GATORADE BERRY BLUE;1;PUXADA;NOITE;578;VAZAMENTO;;;3.786666667;0.005;0.005;CSV detalhado
29/06/2026;JUNHO;33820;BRAHMA CHOPP MILTIPACK;1;PUXADA;NOITE;578;VAZAMENTO;;;2.908333333;0.0035;0.0035;CSV detalhado
29/06/2026;JUNHO;34027;GCA LATA MP;9;PUXADA;NOITE;578;VAZAMENTO;;;22.86;0.0035;0.0315;CSV detalhado
29/06/2026;JUNHO;34475;ELEVE SG;1;PUXADA;MANHÃ;578;VAZAMENTO;;;0.836666667;0.0051;0.0051;CSV detalhado
29/06/2026;JUNHO;503;SUKITA P2;4;PUXADA;MANHÃ;578;VAZAMENTO;;;12.9676;0.02;0.08;CSV detalhado
29/06/2026;JUNHO;504;PEPSI P2;4;PUXADA;MANHÃ;578;VAZAMENTO;;;17.9818;0.02;0.08;CSV detalhado
29/06/2026;JUNHO;7325;PEPSI P1;2;PUXADA;MANHÃ;578;VAZAMENTO;;;5.682433333;0.01;0.02;CSV detalhado
29/06/2026;JUNHO;7947;GUARANÁ CHP 2,5L;1;PUXADA;MANHÃ;578;VAZAMENTO;;;5.391366667;0.025;0.025;CSV detalhado
29/06/2026;JUNHO;9067;AP 350ML;11;PUXADA;NOITE;578;VAZAMENTO;;;26.54116667;0.0035;0.0385;CSV detalhado
29/06/2026;JUNHO;9068;SKOL 350ML;8;PUXADA;NOITE;578;VAZAMENTO;;;19.01333333;0.0035;0.028;CSV detalhado
30/06/2026;JUNHO;13201;BRAHMA CHOPP GFA VD 300ML CX C/23;116;ARMAZEM;MANHÃ;539;QUEBRA COM MOVIMENTAÇÃO;;;;;;CUIDA QUEBRAS.xlsx (complemento sem correspondente detalhado)
30/06/2026;JUNHO;13203;ANTARCTICA PILSEN GFA VD 300ML CX C/23;198;ARMAZEM;MANHÃ;539;QUEBRA COM MOVIMENTAÇÃO;;;;;;CUIDA QUEBRAS.xlsx (complemento sem correspondente detalhado)
30/06/2026;JUNHO;13205;SKOL LITRINHO;61;ARMAZEM;Noite;539;QUEBRA COM MOVIMENTAÇÃO;;;103.7997217;0.003;0.183;CSV detalhado
30/06/2026;JUNHO;1388;SKOL 1L;13;PUXADA;Noite;578;VAZAMENTO;;;55.72829167;0.01;0.13;CSV detalhado
30/06/2026;JUNHO;1388;SKOL 1L;13;ARMAZEM;Noite;539;QUEBRA COM MOVIMENTAÇÃO;;;55.72829167;0.01;0.13;CSV detalhado
30/06/2026;JUNHO;1695;BRAHMA 1L;3;ARMAZEM;Noite;539;QUEBRA COM MOVIMENTAÇÃO;;;14.972925;0.01;0.03;CSV detalhado
02/07/2026;JULHO;21020;BUDWEISER 350ML;7;PUXADA;NOITE;575;ESTUFADO;;;18.54078333;0.0035;0.0245;CSV detalhado
02/07/2026;JULHO;2319;GUARANÁ CHP PET 1L;3;PUXADA;NOITE;578;VAZAMENTO;;;8.5558;0.01;0.03;CSV detalhado
02/07/2026;JULHO;2319;GUARANÁ CHP PET 1L;1;PUXADA;MANHÃ;578;VAZAMENTO;;;2.851933333;0.01;0.01;CSV detalhado
02/07/2026;JULHO;2320;SODA P1;3;PUXADA;NOITE;578;VAZAMENTO;;;7.9549;0.01;0.03;CSV detalhado
02/07/2026;JULHO;2349;GUARANÁ CHP P2;7;PUXADA;NOITE;578;VAZAMENTO;;;33.12435;0.02;0.14;CSV detalhado
02/07/2026;JULHO;29845;PEPSI BLACK PET1;1;PUXADA;MANHÃ;578;VAZAMENTO;;;2.869958333;0.01;0.01;CSV detalhado
02/07/2026;JULHO;347;SUKITA P1;4;PUXADA;MANHÃ;578;VAZAMENTO;;;10.15886667;0.01;0.04;CSV detalhado
02/07/2026;JULHO;4367;INDAIÁ S/G P1.5L;1;PUXADA;MANHÃ;578;VAZAMENTO;;;2.26165;0.015;0.015;CSV detalhado
02/07/2026;JULHO;4409;PEPSI TWIST P2;3;PUXADA;MANHÃ;578;VAZAMENTO;;;16;0.02;0.06;CSV detalhado
02/07/2026;JULHO;504;PEPSI P2;3;PUXADA;NOITE;578;VAZAMENTO;;;13.48635;0.02;0.06;CSV detalhado
02/07/2026;JULHO;7325;PEPSI P1;2;PUXADA;NOITE;578;VAZAMENTO;;;5.682433333;0.01;0.02;CSV detalhado
02/07/2026;JULHO;9067;AP 350ML;8;PUXADA;NOITE;578;VAZAMENTO;;;19.30266667;0.0035;0.028;CSV detalhado
02/07/2026;JULHO;9068;SKOL 350ML;3;PUXADA;MANHÃ;578;VAZAMENTO;;;7.13;0.0035;0.0105;CSV detalhado
02/07/2026;JULHO;9069;BRAHMA CHOPP 350ML;11;PUXADA;NOITE;575;ESTUFADO;;;26.13444167;0.0035;0.0385;CSV detalhado
02/07/2026;JULHO;9091;TÔNICA LATA 350ML;1;PUXADA;MANHÃ;578;VAZAMENTO;;;2.076733333;0.0035;0.0035;CSV detalhado
02/07/2026;JULHO;9274;PEPSI BLACK 350ML;2;PUXADA;MANHÃ;578;VAZAMENTO;;;3.648066667;0.0035;0.007;CSV detalhado
02/07/2026;JULHO;9276;PEPSI ZERO P2;1;PUXADA;MANHÃ;578;VAZAMENTO;;;4.355066667;0.02;0.02;CSV detalhado
03/07/2026;JULHO;21020;BUDWEISER 350ML;7;PUXADA;NOITE;575;ESTUFADO;;;18.54078333;0.0035;0.0245;CSV detalhado
03/07/2026;JULHO;2319;GUARANÁ CHP PET 1L;3;PUXADA;NOITE;578;VAZAMENTO;;;8.5558;0.01;0.03;CSV detalhado
03/07/2026;JULHO;2319;GUARANÁ CHP PET 1L;1;PUXADA;MANHÃ;578;VAZAMENTO;;;2.851933333;0.01;0.01;CSV detalhado
03/07/2026;JULHO;2320;SODA P1;3;PUXADA;NOITE;578;VAZAMENTO;;;7.9549;0.01;0.03;CSV detalhado
03/07/2026;JULHO;2349;GUARANÁ CHP P2;7;PUXADA;NOITE;578;VAZAMENTO;;;33.12435;0.02;0.14;CSV detalhado
03/07/2026;JULHO;29845;PEPSI BLACK PET1;1;PUXADA;MANHÃ;578;VAZAMENTO;;;2.869958333;0.01;0.01;CSV detalhado
03/07/2026;JULHO;347;SUKITA P1;4;PUXADA;MANHÃ;578;VAZAMENTO;;;10.15886667;0.01;0.04;CSV detalhado
03/07/2026;JULHO;4367;INDAIÁ S/G P1.5L;1;PUXADA;MANHÃ;578;VAZAMENTO;;;2.26165;0.015;0.015;CSV detalhado
03/07/2026;JULHO;4409;PEPSI TWIST P2;3;PUXADA;MANHÃ;578;VAZAMENTO;;;16;0.02;0.06;CSV detalhado
03/07/2026;JULHO;504;PEPSI P2;3;PUXADA;NOITE;578;VAZAMENTO;;;13.48635;0.02;0.06;CSV detalhado
03/07/2026;JULHO;7325;PEPSI P1;2;PUXADA;NOITE;578;VAZAMENTO;;;5.682433333;0.01;0.02;CSV detalhado
03/07/2026;JULHO;9067;AP 350ML;8;PUXADA;NOITE;578;VAZAMENTO;;;19.30266667;0.0035;0.028;CSV detalhado
03/07/2026;JULHO;9068;SKOL 350ML;3;PUXADA;MANHÃ;578;VAZAMENTO;;;7.13;0.0035;0.0105;CSV detalhado
03/07/2026;JULHO;9069;BRAHMA CHOPP 350ML;11;PUXADA;NOITE;575;ESTUFADO;;;26.13444167;0.0035;0.0385;CSV detalhado
03/07/2026;JULHO;9091;TÔNICA LATA 350ML;1;PUXADA;MANHÃ;578;VAZAMENTO;;;2.076733333;0.0035;0.0035;CSV detalhado
03/07/2026;JULHO;9274;PEPSI BLACK 350ML;2;PUXADA;MANHÃ;578;VAZAMENTO;;;3.648066667;0.0035;0.007;CSV detalhado
03/07/2026;JULHO;9276;PEPSI ZERO P2;1;PUXADA;MANHÃ;578;VAZAMENTO;;;4.355066667;0.02;0.02;CSV detalhado
04/07/2026;JULHO;10175;SUBZERO 473ML;1;PUXADA;MANHÃ;578;VAZAMENTO;;;3.7375;0.00473;0.00473;CSV detalhado
04/07/2026;JULHO;1164;SUKITA UVA LATA;1;PUXADA;MANHÃ;578;VAZAMENTO;;;2.083333333;0.0035;0.0035;CSV detalhado
04/07/2026;JULHO;19668;ORIGINAL 350ML;5;PUXADA;MANHÃ;578;VAZAMENTO;;;15.656625;0.0035;0.0175;CSV detalhado
04/07/2026;JULHO;20498;DUPLO MALTE 350ML;1;PUXADA;NOITE;578;VAZAMENTO;;;2.707025;0.0035;0.0035;CSV detalhado
04/07/2026;JULHO;2349;GUARANÁ CHP P2;1;PUXADA;NOITE;578;VAZAMENTO;;;4.73205;0.02;0.02;CSV detalhado
04/07/2026;JULHO;2350;SODA P2;1;PUXADA;MANHÃ;578;VAZAMENTO;;;4.503316667;0.02;0.02;CSV detalhado
04/07/2026;JULHO;2353;GUARANÁ DIET P2;1;PUXADA;NOITE;578;VAZAMENTO;;;4.681;0.02;0.02;CSV detalhado
04/07/2026;JULHO;2353;GUARANÁ DIET P2;1;PUXADA;MANHÃ;578;VAZAMENTO;;;4.681;0.02;0.02;CSV detalhado
04/07/2026;JULHO;29199;Tang Laranja;3;ARMAZEM;NOITE;522;ESTOURADA;;;2.228333333;0.00018;0.00054;CSV detalhado
04/07/2026;JULHO;30045;RED BULL 473ML C12;1;PUXADA;MANHÃ;578;VAZAMENTO;;;8.015;0.00473;0.00473;CSV detalhado
04/07/2026;JULHO;34298;TRIDENT MORANGO;5;ARMAZEM;NOITE;524;FALTA NO PALETE;;;7.435714286;0.00008;0.0004;CSV detalhado
04/07/2026;JULHO;34410;HALLS UVA VERDE;3;ARMAZEM;NOITE;524;FALTA NO PALETE;;;4.414285714;0.00028;0.00084;CSV detalhado
04/07/2026;JULHO;4409;PEPSI TWIST P2;1;PUXADA;MANHÃ;578;VAZAMENTO;;;5.333333333;0.02;0.02;CSV detalhado
04/07/2026;JULHO;503;SUKITA P2;1;PUXADA;NOITE;578;VAZAMENTO;;;3.2419;0.02;0.02;CSV detalhado
04/07/2026;JULHO;7325;PEPSI P1;2;PUXADA;MANHÃ;578;VAZAMENTO;;;5.682433333;0.01;0.02;CSV detalhado
04/07/2026;JULHO;9067;AP 350ML;1;PUXADA;NOITE;578;VAZAMENTO;;;2.412833333;0.0035;0.0035;CSV detalhado
04/07/2026;JULHO;9067;AP 350ML;10;PUXADA;MANHÃ;578;VAZAMENTO;;;24.12833333;0.0035;0.035;CSV detalhado
04/07/2026;JULHO;9067;AP 350ML;12;PUXADA;MANHÃ;575;ESTUFADO;;;28.954;0.0035;0.042;CSV detalhado
04/07/2026;JULHO;9068;SKOL 350ML;1;PUXADA;NOITE;578;VAZAMENTO;;;2.376666667;0.0035;0.0035;CSV detalhado
04/07/2026;JULHO;9084;ANTARCTICA LATA 350ML;1;PUXADA;NOITE;575;ESTUFADO;;;1.843541667;0.0035;0.0035;CSV detalhado
04/07/2026;JULHO;9084;ANTARCTICA LATA 350ML;4;PUXADA;MANHÃ;578;VAZAMENTO;;;7.374166667;0.0035;0.014;CSV detalhado
04/07/2026;JULHO;9091;TÔNICA LATA 350ML;1;PUXADA;NOITE;578;VAZAMENTO;;;2.076733333;0.0035;0.0035;CSV detalhado
04/07/2026;JULHO;9274;PEPSI BLACK 350ML;5;PUXADA;NOITE;575;ESTUFADO;;;9.120166667;0.0035;0.0175;CSV detalhado
04/07/2026;JULHO;9276;PEPSI ZERO P2;2;PUXADA;NOITE;578;VAZAMENTO;;;8.710133333;0.02;0.04;CSV detalhado
04/07/2026;JULHO;9320;BRAHMA CHOPP 473ML;1;PUXADA;MANHÃ;578;VAZAMENTO;;;2.954975;0.00473;0.00473;CSV detalhado
04/07/2026;JULHO;9795;GUARANÁ DIET P1;2;PUXADA;MANHÃ;578;VAZAMENTO;;;5.574183333;0.01;0.02;CSV detalhado
06/07/2026;JULHO;13065;H2OH LIMONETO PET 1,5L;3;PUXADA;NOITE;578;VAZAMENTO;;;13.6155;0.015;0.045;CSV detalhado
06/07/2026;JULHO;13065;H2OH LIMONETO PET 1,5L;1;PUXADA;MANHÃ;578;VAZAMENTO;;;4.5385;0.015;0.015;CSV detalhado
06/07/2026;JULHO;1388;SKOL 1L;4;ENTREGA;MANHÃ;547;QUEBRADA.;;;17.14716667;0.01;0.04;CSV detalhado
06/07/2026;JULHO;2319;GUARANÁ CHP PET 1L;5;PUXADA;NOITE;578;VAZAMENTO;;;14.25966667;0.01;0.05;CSV detalhado
06/07/2026;JULHO;2349;GUARANÁ CHP P2;1;PUXADA;NOITE;578;VAZAMENTO;;;4.73205;0.02;0.02;CSV detalhado
06/07/2026;JULHO;2349;GUARANÁ CHP P2;5;PUXADA;MANHÃ;578;VAZAMENTO;;;23.66025;0.02;0.1;CSV detalhado
06/07/2026;JULHO;2350;SODA P2;1;PUXADA;MANHÃ;578;VAZAMENTO;;;4.503316667;0.02;0.02;CSV detalhado
06/07/2026;JULHO;25700;FUSION P2;2;PUXADA;MANHÃ;578;VAZAMENTO;;;10.34143333;0.02;0.04;CSV detalhado
06/07/2026;JULHO;30045;RED BULL 473ML C12;1;PUXADA;MANHÃ;578;VAZAMENTO;;;8.015;0.00473;0.00473;CSV detalhado
06/07/2026;JULHO;32500;STELLA PURE GOLD LATA;1;PUXADA;MANHÃ;578;VAZAMENTO;;;3.7875;0.0035;0.0035;CSV detalhado
06/07/2026;JULHO;34608;SKOL MULTIPACK;11;ENTREGA;MANHÃ;548;VAZAMENTO;;;35.75;0.0035;0.0385;CSV detalhado
06/07/2026;JULHO;35012;MENDORATO PCT 45G DISPLAY C10;3;;;;;;;;;;CUIDA QUEBRAS.xlsx (complemento sem correspondente detalhado)
06/07/2026;JULHO;37450;BUD MP 350ML;5;PUXADA;NOITE;575;ESTUFADO;;;17.37083333;0.0035;0.0175;CSV detalhado
06/07/2026;JULHO;4367;INDAIÁ S/G P1.5L;2;PUXADA;MANHÃ;578;VAZAMENTO;;;4.5233;0.015;0.03;CSV detalhado
06/07/2026;JULHO;4409;PEPSI TWIST P2;1;PUXADA;NOITE;578;VAZAMENTO;;;5.333333333;0.02;0.02;CSV detalhado
06/07/2026;JULHO;503;SUKITA P2;1;PUXADA;NOITE;578;VAZAMENTO;;;3.2419;0.02;0.02;CSV detalhado
06/07/2026;JULHO;503;SUKITA P2;1;PUXADA;MANHÃ;578;VAZAMENTO;;;3.2419;0.02;0.02;CSV detalhado
06/07/2026;JULHO;7977;GATORADE UVA;1;PUXADA;MANHÃ;578;VAZAMENTO;;;3.857283333;0.005;0.005;CSV detalhado
06/07/2026;JULHO;9067;AP 350ML;1;PUXADA;MANHÃ;578;VAZAMENTO;;;2.412833333;0.0035;0.0035;CSV detalhado
06/07/2026;JULHO;9068;SKOL 350ML;3;PUXADA;MANHÃ;578;VAZAMENTO;;;7.13;0.0035;0.0105;CSV detalhado
06/07/2026;JULHO;9069;BRAHMA CHOPP 350ML;2;PUXADA;NOITE;578;VAZAMENTO;;;4.751716667;0.0035;0.007;CSV detalhado
06/07/2026;JULHO;9096;PEPSI LATA 350ML;1;PUXADA;NOITE;578;VAZAMENTO;;;1.668966667;0.0035;0.0035;CSV detalhado
06/07/2026;JULHO;9096;PEPSI LATA 350ML;1;PUXADA;MANHÃ;578;VAZAMENTO;;;1.668966667;0.0035;0.0035;CSV detalhado
06/07/2026;JULHO;9274;PEPSI BLACK 350ML;1;PUXADA;MANHÃ;578;VAZAMENTO;;;1.824033333;0.0035;0.0035;CSV detalhado
06/07/2026;JULHO;9276;PEPSI ZERO P2;1;PUXADA;NOITE;578;VAZAMENTO;;;4.355066667;0.02;0.02;CSV detalhado
06/07/2026;JULHO;9427;AP LATA 473 MP;1;PUXADA;NOITE;578;VAZAMENTO;;;3.825;0.00473;0.00473;CSV detalhado
06/07/2026;JULHO;9795;GUARANÁ DIET P1;1;PUXADA;NOITE;578;VAZAMENTO;;;2.787091667;0.01;0.01;CSV detalhado
07/07/2026;JULHO;1166;SUKITA UVA P2;3;PUXADA;MANHÃ;578;VAZAMENTO;;;10.0439;0.02;0.06;CSV detalhado
07/07/2026;JULHO;21020;BUDWEISER 350ML;1;PUXADA;MANHÃ;578;VAZAMENTO;;;2.648683333;0.0035;0.0035;CSV detalhado
07/07/2026;JULHO;2319;GUARANÁ CHP PET 1L;2;PUXADA;NOITE;578;VAZAMENTO;;;5.703866667;0.01;0.02;CSV detalhado
07/07/2026;JULHO;2349;GUARANÁ CHP P2;1;PUXADA;NOITE;578;VAZAMENTO;;;4.73205;0.02;0.02;CSV detalhado
07/07/2026;JULHO;2353;GUARANÁ DIET P2;1;PUXADA;MANHÃ;578;VAZAMENTO;;;4.681;0.02;0.02;CSV detalhado
07/07/2026;JULHO;29253;ORIGINAL 1L;3;PUXADA;MANHÃ;584;MAL CHEIO;;;15.713325;0.01;0.03;CSV detalhado
07/07/2026;JULHO;34608;SKOL MULTIPACK;42;ENTREGA;MANHÃ;548;VAZAMENTO;;;136.5;0.0035;0.147;CSV detalhado
07/07/2026;JULHO;503;SUKITA P2;3;PUXADA;NOITE;578;VAZAMENTO;;;9.7257;0.02;0.06;CSV detalhado
07/07/2026;JULHO;504;PEPSI P2;6;PUXADA;NOITE;578;VAZAMENTO;;;26.9727;0.02;0.12;CSV detalhado
07/07/2026;JULHO;9067;AP 350ML;3;PUXADA;MANHÃ;578;VAZAMENTO;;;7.2385;0.0035;0.0105;CSV detalhado
07/07/2026;JULHO;9067;AP 350ML;36;ENTREGA;MANHÃ;548;VAZAMENTO;;;86.862;0.0035;0.126;CSV detalhado
07/07/2026;JULHO;9068;SKOL 350ML;7;PUXADA;MANHÃ;578;VAZAMENTO;;;16.63666667;0.0035;0.0245;CSV detalhado
07/07/2026;JULHO;9069;BRAHMA CHOPP 350ML;3;PUXADA;MANHÃ;578;VAZAMENTO;;;7.127575;0.0035;0.0105;CSV detalhado
07/07/2026;JULHO;9091;TÔNICA LATA 350ML;1;PUXADA;MANHÃ;578;VAZAMENTO;;;2.076733333;0.0035;0.0035;CSV detalhado
07/07/2026;JULHO;9427;AP LATA 473 MP;2;PUXADA;MANHÃ;578;VAZAMENTO;;;7.65;0.00473;0.00946;CSV detalhado
07/07/2026;JULHO;988;BRAHMA 600;2;PUXADA;MANHÃ;584;MAL CHEIO;;;8.704483333;0.006;0.012;CSV detalhado
08/07/2026;JULHO;20217;ORIGINAL GFA VD 300ML CX C/23;1;PUXADA;NOITE;577;QUEBRADA;;;1.997334783;0.003;0.003;CSV detalhado
08/07/2026;JULHO;21020;BUDWEISER 350ML;5;PUXADA;NOITE;578;VAZAMENTO;;;13.24341667;0.0035;0.0175;CSV detalhado
08/07/2026;JULHO;21020;BUDWEISER 350ML;3;ENTREGA;MANHÃ;548;VAZAMENTO;;;7.94605;0.0035;0.0105;CSV detalhado
08/07/2026;JULHO;2319;GUARANA CHP ANTARCTICA PET 1L CAIXA C/12;3;;;;;;;;;;CUIDA QUEBRAS.xlsx (complemento sem correspondente detalhado)
08/07/2026;JULHO;2349;GUARANA CHP ANTARCTICA PET 2L CAIXA C/6;11;;;;;;;;;;CUIDA QUEBRAS.xlsx (complemento sem correspondente detalhado)
08/07/2026;JULHO;2349;GUARANÁ CHP P2;7;ENTREGA;MANHÃ;548;VAZAMENTO;;;33.12435;0.02;0.14;CSV detalhado
08/07/2026;JULHO;2546;ORIGINAL 600ML;1;PUXADA;NOITE;577;QUEBRADA;;;5.085383333;0.006;0.006;CSV detalhado
08/07/2026;JULHO;29845;PEPSI BLACK PET 1 L SH C/12;2;;;;;;;;;;CUIDA QUEBRAS.xlsx (complemento sem correspondente detalhado)
08/07/2026;JULHO;34454;H2OH LIMONETO LATA;2;PUXADA;NOITE;578;VAZAMENTO;;;5.6;0.0035;0.007;CSV detalhado
08/07/2026;JULHO;34608;SKOL MULTIPACK;39;ENTREGA;MANHÃ;548;VAZAMENTO;;;126.75;0.0035;0.1365;CSV detalhado
08/07/2026;JULHO;347;SUKITA PET 1L CAIXA C/12;2;;;;;;;;;;CUIDA QUEBRAS.xlsx (complemento sem correspondente detalhado)
08/07/2026;JULHO;4367;INDAIA AGUA MINERAL S/GAS GFA PET 1,5L FD C/6;1;;;;;;;;;;CUIDA QUEBRAS.xlsx (complemento sem correspondente detalhado)
08/07/2026;JULHO;503;SUKITA PET 2L CAIXA C/6;1;;;;;;;;;;CUIDA QUEBRAS.xlsx (complemento sem correspondente detalhado)
08/07/2026;JULHO;7977;GATORADE UVA;2;PUXADA;MANHÃ;578;VAZAMENTO;;;7.714566667;0.005;0.01;CSV detalhado
08/07/2026;JULHO;9067;AP 350ML;1;PUXADA;NOITE;578;VAZAMENTO;;;2.412833333;0.0035;0.0035;CSV detalhado
08/07/2026;JULHO;9067;AP 350ML;11;ARMAZEM;MANHÃ;Selecione;QUEBRADA;;;26.54116667;0.0035;0.0385;CSV detalhado
08/07/2026;JULHO;9083;SKOL 473ML;2;PUXADA;NOITE;578;VAZAMENTO;;;6.3064;0.00473;0.00946;CSV detalhado
08/07/2026;JULHO;9083;SKOL 473ML;2;ENTREGA;MANHÃ;548;VAZAMENTO;;;6.3064;0.00473;0.00946;CSV detalhado
08/07/2026;JULHO;9084;ANTARCTICA LATA 350ML;10;ENTREGA;MANHÃ;545;ESTUFADO;;;18.43541667;0.0035;0.035;CSV detalhado
08/07/2026;JULHO;9084;GUARANA CHP ANTARCTICA LATA 350ML SH C/12 NPAL;1;;;;;;;;;;CUIDA QUEBRAS.xlsx (complemento sem correspondente detalhado)
08/07/2026;JULHO;9085;ANTARCTICA DIET LATA 350ML;2;ENTREGA;MANHÃ;548;VAZAMENTO;;;3.722216667;0.0035;0.007;CSV detalhado
08/07/2026;JULHO;9092;TÔNICA DIET 350ML;1;PUXADA;MANHÃ;578;VAZAMENTO;;;1.964575;0.0035;0.0035;CSV detalhado
08/07/2026;JULHO;9096;PEPSI COLA LATA 350ML SH C/12 NPAL;4;;;;;;;;;;CUIDA QUEBRAS.xlsx (complemento sem correspondente detalhado)
09/07/2026;JULHO;19227;RED BULL BR LATA 355ML FOUR PACK .;1;;;;;;;;;;CUIDA QUEBRAS.xlsx (complemento sem correspondente detalhado)
09/07/2026;JULHO;19668;ORIGINAL 350ML;2;PUXADA;MANHÃ;575;ESTUFADO;;;6.26265;0.0035;0.007;CSV detalhado
09/07/2026;JULHO;19668;ORIGINAL LATA 350ML SH C/12 NPAL;2;;;;;;;;;;CUIDA QUEBRAS.xlsx (complemento sem correspondente detalhado)
09/07/2026;JULHO;21020;BUDWEISER LT SLEEK 350ML CX CART C 12;1;;;;;;;;;;CUIDA QUEBRAS.xlsx (complemento sem correspondente detalhado)
09/07/2026;JULHO;2319;GUARANA CHP ANTARCTICA PET 1L CAIXA C/12;1;;;;;;;;;;CUIDA QUEBRAS.xlsx (complemento sem correspondente detalhado)
09/07/2026;JULHO;2349;GUARANA CHP ANTARCTICA PET 2L CAIXA C/6;9;;;;;;;;;;CUIDA QUEBRAS.xlsx (complemento sem correspondente detalhado)
09/07/2026;JULHO;2350;SODA LIMONADA ANTARCTICA PET 2L CAIXA C/6;1;;;;;;;;;;CUIDA QUEBRAS.xlsx (complemento sem correspondente detalhado)
09/07/2026;JULHO;32067;GATORADE BERRY BLUE;3;PUXADA;MANHÃ;578;VAZAMENTO;;;11.36;0.005;0.015;CSV detalhado
09/07/2026;JULHO;34608;SKOL LATA 350ML SH C/12 NPAL MULTIPACK;7;;;;;;;;;;CUIDA QUEBRAS.xlsx (complemento sem correspondente detalhado)
09/07/2026;JULHO;4409;PEPSI TWIST PET 2L SHRINK C/6;1;;;;;;;;;;CUIDA QUEBRAS.xlsx (complemento sem correspondente detalhado)
09/07/2026;JULHO;503;SUKITA PET 2L CAIXA C/6;3;;;;;;;;;;CUIDA QUEBRAS.xlsx (complemento sem correspondente detalhado)
09/07/2026;JULHO;504;PEPSI COLA PET 2L CAIXA C/6;1;;;;;;;;;;CUIDA QUEBRAS.xlsx (complemento sem correspondente detalhado)
09/07/2026;JULHO;9067;ANTARCTICA PILSEN LATA 350ML SH C/12 NPAL;6;;;;;;;;;;CUIDA QUEBRAS.xlsx (complemento sem correspondente detalhado)
09/07/2026;JULHO;9068;SKOL LATA 350ML SH C/12 NPAL;1;;;;;;;;;;CUIDA QUEBRAS.xlsx (complemento sem correspondente detalhado)
09/07/2026;JULHO;9072;BOHEMIA NOVA EMBALAGEM LATA 350ML SH C/12 NPAL;1;;;;;;;;;;CUIDA QUEBRAS.xlsx (complemento sem correspondente detalhado)
09/07/2026;JULHO;9084;ANTARCTICA LATA 350ML;2;PUXADA;MANHÃ;578;VAZAMENTO;;;3.687083333;0.0035;0.007;CSV detalhado
09/07/2026;JULHO;9084;GUARANA CHP ANTARCTICA LATA 350ML SH C/12 NPAL;1;;;;;;;;;;CUIDA QUEBRAS.xlsx (complemento sem correspondente detalhado)
09/07/2026;JULHO;9276;PEPSI ZERO PET 2L CAIXA C/6;5;;;;;;;;;;CUIDA QUEBRAS.xlsx (complemento sem correspondente detalhado)
10/07/2026;JULHO;12948;BRAHMA CHOPP ZERO LATA;2;PUXADA;MANHÃ;575;ESTUFADO;N/A;N/A;4,86060606;0.00555128;0,01110303;Histórico do dia da semana (registro detalhado)
10/07/2026;JULHO;13566;SKOL BEATS SENSES 269ML;1;PUXADA;MANHÃ;578;VAZAMENTO;N/A;N/A;2,43373494;0.00555128;0,00555422;Histórico do dia da semana (registro detalhado)
10/07/2026;JULHO;18807;STELLA LN 330ML;5;PUXADA;NOITE;589;QUEBRA COM MOVIMENTAÇÃO;N/A;N/A;12,14757709;0.00555128;0,0277533;Histórico do dia da semana (registro detalhado)
10/07/2026;JULHO;19225;RED BULL C24;1;PUXADA;MANHÃ;578;VAZAMENTO;N/A;N/A;2,43902439;0.00555128;0,00556098;Histórico do dia da semana (registro detalhado)
10/07/2026;JULHO;19668;ORIGINAL 350ML;1;PUXADA;MANHÃ;578;VAZAMENTO;N/A;N/A;2,43373494;0.00555128;0,00555422;Histórico do dia da semana (registro detalhado)
10/07/2026;JULHO;21020;BUDWEISER 350ML;4;PUXADA;NOITE;589;QUEBRA COM MOVIMENTAÇÃO;N/A;N/A;9,71428571;0.00555128;0,02221024;Histórico do dia da semana (registro detalhado)
10/07/2026;JULHO;21020;BUDWEISER 350ML;3;PUXADA;NOITE;575;ESTUFADO;N/A;N/A;7,28719723;0.00555128;0,01665052;Histórico do dia da semana (registro detalhado)
10/07/2026;JULHO;21632;SPATEN LN 355;6;PUXADA;NOITE;575;ESTUFADO;N/A;N/A;14,57835218;0.00555128;0,03330533;Histórico do dia da semana (registro detalhado)
10/07/2026;JULHO;2319;GUARANÁ CHP PET 1L;2;PUXADA;NOITE;575;ESTUFADO;N/A;N/A;4,86060606;0.00555128;0,01110303;Histórico do dia da semana (registro detalhado)
10/07/2026;JULHO;2319;GUARANÁ CHP PET 1L;1;PUXADA;NOITE;578;VAZAMENTO;N/A;N/A;2,42741935;0.00555128;0,00554839;Histórico do dia da semana (registro detalhado)
10/07/2026;JULHO;2319;GUARANÁ CHP PET 1L;1;PUXADA;MANHÃ;578;VAZAMENTO;N/A;N/A;2,43902439;0.00555128;0,00556098;Histórico do dia da semana (registro detalhado)
10/07/2026;JULHO;2320;SODA P1;1;PUXADA;NOITE;578;VAZAMENTO;N/A;N/A;2,42741935;0.00555128;0,00554839;Histórico do dia da semana (registro detalhado)
10/07/2026;JULHO;2349;GUARANÁ CHP P2;3;PUXADA;NOITE;578;VAZAMENTO;N/A;N/A;7,29090909;0.00555128;0,01665455;Histórico do dia da semana (registro detalhado)
10/07/2026;JULHO;2353;GUARANÁ DIET P2;3;PUXADA;MANHÃ;578;VAZAMENTO;N/A;N/A;7,29090909;0.00555128;0,01665455;Histórico do dia da semana (registro detalhado)
10/07/2026;JULHO;24256;PETRÓPOLIS 1,5L;2;PUXADA;MANHÃ;578;VAZAMENTO;N/A;N/A;4,86407767;0.00555128;0,0111068;Histórico do dia da semana (registro detalhado)
10/07/2026;JULHO;26462;ORIGINAL 473ML;2;PUXADA;MANHÃ;578;VAZAMENTO;N/A;N/A;4,86407767;0.00555128;0,0111068;Histórico do dia da semana (registro detalhado)
10/07/2026;JULHO;31064;BUDWEISER 269,ML;1;PUXADA;MANHÃ;578;VAZAMENTO;N/A;N/A;2,43373494;0.00555128;0,00555422;Histórico do dia da semana (registro detalhado)
10/07/2026;JULHO;347;SUKITA P1;2;PUXADA;MANHÃ;578;VAZAMENTO;N/A;N/A;4,86060606;0.00555128;0,01110303;Histórico do dia da semana (registro detalhado)
10/07/2026;JULHO;35617;BEATS GREEN MIX LATA;7;PUXADA;NOITE;575;ESTUFADO;N/A;N/A;17,01139601;0.00555128;0,03885897;Histórico do dia da semana (registro detalhado)
10/07/2026;JULHO;4409;PEPSI TWIST P2;1;PUXADA;MANHÃ;578;VAZAMENTO;N/A;N/A;2,42741935;0.00555128;0,00554839;Histórico do dia da semana (registro detalhado)
10/07/2026;JULHO;503;SUKITA P2;1;PUXADA;NOITE;578;VAZAMENTO;N/A;N/A;2,43373494;0.00555128;0,00555422;Histórico do dia da semana (registro detalhado)
10/07/2026;JULHO;504;PEPSI P2;6;PUXADA;NOITE;578;VAZAMENTO;N/A;N/A;14,57835218;0.00555128;0,03330533;Histórico do dia da semana (registro detalhado)
10/07/2026;JULHO;7325;PEPSI P1;1;PUXADA;NOITE;578;VAZAMENTO;N/A;N/A;2,43373494;0.00555128;0,00555422;Histórico do dia da semana (registro detalhado)
10/07/2026;JULHO;9067;AP 350ML;3;PUXADA;NOITE;578;VAZAMENTO;N/A;N/A;7,29090909;0.00555128;0,01665455;Histórico do dia da semana (registro detalhado)
10/07/2026;JULHO;9067;AP 350ML;1;PUXADA;MANHÃ;578;VAZAMENTO;N/A;N/A;2,42741935;0.00555128;0,00554839;Histórico do dia da semana (registro detalhado)
10/07/2026;JULHO;9068;SKOL 350ML;2;PUXADA;MANHÃ;578;VAZAMENTO;N/A;N/A;4,86060606;0.00555128;0,01110303;Histórico do dia da semana (registro detalhado)
10/07/2026;JULHO;9069;BRAHMA CHOPP 350ML;12;PUXADA;NOITE;575;ESTUFADO;N/A;N/A;29,15324675;0.00555128;0,06661818;Histórico do dia da semana (registro detalhado)
10/07/2026;JULHO;9081;MALZBIER LATA 350ML;1;PUXADA;MANHÃ;578;VAZAMENTO;N/A;N/A;2,42741935;0.00555128;0,00554839;Histórico do dia da semana (registro detalhado)
10/07/2026;JULHO;9083;SKOL 473ML;1;PUXADA;MANHÃ;578;VAZAMENTO;N/A;N/A;2,43373494;0.00555128;0,00555422;Histórico do dia da semana (registro detalhado)
10/07/2026;JULHO;9274;PEPSI BLACK 350ML;1;PUXADA;MANHÃ;578;VAZAMENTO;N/A;N/A;2,43373494;0.00555128;0,00555422;Histórico do dia da semana (registro detalhado)
13/07/2026;JULHO;1166;SUKITA UVA P2;2;PUXADA;NOITE;578;VAZAMENTO;;;6.695933333;0.02;0.04;CSV detalhado
13/07/2026;JULHO;1166;SUKITA UVA P2;1;PUXADA;MANHÃ;578;VAZAMENTO;;;3.347966667;0.02;0.02;CSV detalhado
13/07/2026;JULHO;12948;BRAHMA CHOPP ZERO LATA;5;PUXADA;NOITE;578;VAZAMENTO;;;12.87141667;0.0035;0.0175;CSV detalhado
13/07/2026;JULHO;13065;H2OH LIMONETO PET 1,5L;2;ENTREGA;MANHÃ;548;VAZAMENTO;;;9.077;0.015;0.03;CSV detalhado
13/07/2026;JULHO;14135;BUDWEISER 473ML;1;PUXADA;MANHÃ;575;ESTUFADO;;;3.231858333;0.00473;0.00473;CSV detalhado
13/07/2026;JULHO;18152;GUARANÁ CHP 200ML;36;PUXADA;MANHÃ;576;FALTA NO PALETE;;;39.6378;0.002;0.072;CSV detalhado
13/07/2026;JULHO;18268;SUKITA PET 200ML;12;PUXADA;MANHÃ;576;FALTA NO PALETE;;;12.4744;0.002;0.024;CSV detalhado
13/07/2026;JULHO;19225;RED BULL C24;5;PUXADA;MANHÃ;578;VAZAMENTO;;;28.7806875;0.0025;0.0125;CSV detalhado
13/07/2026;JULHO;19227;RED BULL 355 FOUR PACK;2;PUXADA;NOITE;578;VAZAMENTO;;;14.5381;0.00355;0.0071;CSV detalhado
13/07/2026;JULHO;19227;RED BULL BR LATA 355ML FOUR PACK .;2;;;;;;;;;;CUIDA QUEBRAS.xlsx (complemento sem correspondente detalhado)
13/07/2026;JULHO;19229;RED BULL SIX PACK;2;PUXADA;NOITE;578;VAZAMENTO;;;12.40953333;0.0025;0.005;CSV detalhado
13/07/2026;JULHO;19231;RED BULL S/F FOUR PACK;1;PUXADA;MANHÃ;578;VAZAMENTO;;;6.20475;0.0025;0.0025;CSV detalhado
13/07/2026;JULHO;20651;CORONA LATA 350ML;5;PUXADA;MANHÃ;575;ESTUFADO;;;18.716875;0.0035;0.0175;CSV detalhado
13/07/2026;JULHO;21020;BUDWEISER 350ML;4;PUXADA;NOITE;578;VAZAMENTO;;;10.59473333;0.0035;0.014;CSV detalhado
13/07/2026;JULHO;2319;GUARANÁ CHP PET 1L;6;PUXADA;MANHÃ;578;VAZAMENTO;;;17.1116;0.01;0.06;CSV detalhado
13/07/2026;JULHO;2349;GUARANÁ CHP P2;11;PUXADA;NOITE;578;VAZAMENTO;;;52.05255;0.02;0.22;CSV detalhado
13/07/2026;JULHO;2353;GUARANÁ DIET P2;1;PUXADA;MANHÃ;578;VAZAMENTO;;;4.681;0.02;0.02;CSV detalhado
13/07/2026;JULHO;32500;STELLA PURE GOLD LATA;2;PUXADA;NOITE;578;VAZAMENTO;;;7.575;0.0035;0.007;CSV detalhado
13/07/2026;JULHO;32526;PETROPOLIS S/G 500ML;3;PUXADA;NOITE;578;VAZAMENTO;;;2.644975;0.005;0.015;CSV detalhado
13/07/2026;JULHO;33734;BEATS RED MIX LATA;3;PUXADA;MANHÃ;578;VAZAMENTO;;;13.23375;0.00269;0.00807;CSV detalhado
13/07/2026;JULHO;347;SUKITA P1;1;PUXADA;MANHÃ;578;VAZAMENTO;;;2.539716667;0.01;0.01;CSV detalhado
13/07/2026;JULHO;35617;BEATS GREEN MIX LATA;1;PUXADA;NOITE;578;VAZAMENTO;;;4.83875;0.00269;0.00269;CSV detalhado
13/07/2026;JULHO;4409;PEPSI TWIST P2;2;PUXADA;NOITE;578;VAZAMENTO;;;10.66666667;0.02;0.04;CSV detalhado
13/07/2026;JULHO;4409;PEPSI TWIST P2;4;PUXADA;MANHÃ;578;VAZAMENTO;;;21.33333333;0.02;0.08;CSV detalhado
13/07/2026;JULHO;504;PEPSI P2;1;PUXADA;NOITE;578;VAZAMENTO;;;4.49545;0.02;0.02;CSV detalhado
13/07/2026;JULHO;7945;PEPSI P2,5L;2;PUXADA;NOITE;578;VAZAMENTO;;;10.4458;0.025;0.05;CSV detalhado
13/07/2026;JULHO;7947;GUARANÁ CHP 2,5L;1;PUXADA;MANHÃ;578;VAZAMENTO;;;5.391366667;0.025;0.025;CSV detalhado
13/07/2026;JULHO;7977;GATORADE UVA;1;PUXADA;NOITE;578;VAZAMENTO;;;3.857283333;0.005;0.005;CSV detalhado
13/07/2026;JULHO;9067;AP 350ML;8;PUXADA;NOITE;578;VAZAMENTO;;;19.30266667;0.0035;0.028;CSV detalhado
13/07/2026;JULHO;9067;AP 350ML;5;PUXADA;MANHÃ;578;VAZAMENTO;;;12.06416667;0.0035;0.0175;CSV detalhado
13/07/2026;JULHO;9068;SKOL 350ML;4;PUXADA;NOITE;578;VAZAMENTO;;;9.506666667;0.0035;0.014;CSV detalhado
13/07/2026;JULHO;9071;CARACU 350ML;4;PUXADA;NOITE;575;ESTUFADO;;;17.03333333;0.0035;0.014;CSV detalhado
13/07/2026;JULHO;9083;SKOL 473ML;1;PUXADA;NOITE;575;ESTUFADO;;;3.1532;0.00473;0.00473;CSV detalhado
13/07/2026;JULHO;9084;ANTARCTICA LATA 350ML;1;PUXADA;MANHÃ;578;VAZAMENTO;;;1.843541667;0.0035;0.0035;CSV detalhado
13/07/2026;JULHO;9085;ANTARCTICA DIET LATA 350ML;2;PUXADA;NOITE;578;VAZAMENTO;;;3.722216667;0.0035;0.007;CSV detalhado
13/07/2026;JULHO;9276;PEPSI ZERO P2;2;PUXADA;NOITE;578;VAZAMENTO;;;8.710133333;0.02;0.04;CSV detalhado
14/07/2026;JULHO;10175;SUBZERO 473ML;15;PUXADA;MANHÃ;578;VAZAMENTO;;;56.0625;0.00473;0.07095;CSV detalhado
14/07/2026;JULHO;1166;SUKITA UVA P2;1;PUXADA;NOITE;578;VAZAMENTO;;;3.347966667;0.02;0.02;CSV detalhado
14/07/2026;JULHO;1166;SUKITA UVA P2;2;PUXADA;MANHÃ;578;VAZAMENTO;;;6.695933333;0.02;0.04;CSV detalhado
14/07/2026;JULHO;19225;RED BULL C24;1;PUXADA;NOITE;578;VAZAMENTO;;;5.7561375;0.0025;0.0025;CSV detalhado
14/07/2026;JULHO;19225;RED BULL C24;4;PUXADA;MANHÃ;578;VAZAMENTO;;;23.02455;0.0025;0.01;CSV detalhado
14/07/2026;JULHO;21020;BUDWEISER 350ML;1;PUXADA;NOITE;578;VAZAMENTO;;;2.648683333;0.0035;0.0035;CSV detalhado
14/07/2026;JULHO;21020;BUDWEISER 350ML;3;PUXADA;MANHÃ;578;VAZAMENTO;;;7.94605;0.0035;0.0105;CSV detalhado
14/07/2026;JULHO;2319;GUARANÁ CHP PET 1L;1;PUXADA;NOITE;578;VAZAMENTO;;;2.851933333;0.01;0.01;CSV detalhado
14/07/2026;JULHO;2349;GUARANÁ CHP P2;1;PUXADA;NOITE;578;VAZAMENTO;;;4.73205;0.02;0.02;CSV detalhado
14/07/2026;JULHO;32526;PETROPOLIS S/G 500ML;4;PUXADA;MANHÃ;578;VAZAMENTO;;;3.526633333;0.005;0.02;CSV detalhado
14/07/2026;JULHO;33734;BEATS RED MIX LATA;2;PUXADA;MANHÃ;578;VAZAMENTO;;;8.8225;0.00269;0.00538;CSV detalhado
14/07/2026;JULHO;35617;BEATS GREEN MIX LATA;1;PUXADA;MANHÃ;578;VAZAMENTO;;;4.83875;0.00269;0.00269;CSV detalhado
14/07/2026;JULHO;504;PEPSI P2;1;PUXADA;NOITE;578;VAZAMENTO;;;4.49545;0.02;0.02;CSV detalhado
14/07/2026;JULHO;7325;PEPSI P1;1;PUXADA;NOITE;578;VAZAMENTO;;;2.841216667;0.01;0.01;CSV detalhado
14/07/2026;JULHO;7947;GUARANÁ CHP 2,5L;2;PUXADA;MANHÃ;578;VAZAMENTO;;;10.78273333;0.025;0.05;CSV detalhado
14/07/2026;JULHO;9067;AP 350ML;1;PUXADA;NOITE;578;VAZAMENTO;;;2.412833333;0.0035;0.0035;CSV detalhado
14/07/2026;JULHO;9083;SKOL 473ML;1;PUXADA;MANHÃ;575;ESTUFADO;;;3.1532;0.00473;0.00473;CSV detalhado
14/07/2026;JULHO;9084;ANTARCTICA LATA 350ML;2;PUXADA;NOITE;578;VAZAMENTO;;;3.687083333;0.0035;0.007;CSV detalhado
14/07/2026;JULHO;9084;ANTARCTICA LATA 350ML;1;PUXADA;MANHÃ;578;VAZAMENTO;;;1.843541667;0.0035;0.0035;CSV detalhado
14/07/2026;JULHO;9276;PEPSI ZERO P2;8;PUXADA;NOITE;578;VAZAMENTO;;;34.84053333;0.02;0.16;CSV detalhado
14/07/2026;JULHO;9320;BRAHMA CHOPP 473ML;1;PUXADA;NOITE;578;VAZAMENTO;;;2.954975;0.00473;0.00473;CSV detalhado
15/07/2026;JULHO;19225;RED BULL C24;2;ENTREGA;MANHÃ;548;VAZAMENTO;;;11.512275;0.0025;0.005;CSV detalhado
15/07/2026;JULHO;19225;RED BULL C24;4;PUXADA;MANHÃ;578;VAZAMENTO;;;23.02455;0.0025;0.01;CSV detalhado
15/07/2026;JULHO;20498;DUPLO MALTE 350ML;4;PUXADA;NOITE;575;ESTUFADO;;;10.8281;0.0035;0.014;CSV detalhado
15/07/2026;JULHO;20498;DUPLO MALTE 350ML;2;PUXADA;MANHÃ;578;VAZAMENTO;;;5.41405;0.0035;0.007;CSV detalhado
15/07/2026;JULHO;20651;CORONA LATA 350ML;1;PUXADA;NOITE;575;ESTUFADO;;;3.743375;0.0035;0.0035;CSV detalhado
15/07/2026;JULHO;20651;CORONA LATA 350ML;1;PUXADA;MANHÃ;575;ESTUFADO;;;3.743375;0.0035;0.0035;CSV detalhado
15/07/2026;JULHO;21020;BUDWEISER 350ML;4;PUXADA;MANHÃ;575;ESTUFADO;;;10.59473333;0.0035;0.014;CSV detalhado
15/07/2026;JULHO;2319;GUARANÁ CHP PET 1L;3;PUXADA;NOITE;578;VAZAMENTO;;;8.5558;0.01;0.03;CSV detalhado
15/07/2026;JULHO;2319;GUARANÁ CHP PET 1L;1;PUXADA;MANHÃ;578;VAZAMENTO;;;2.851933333;0.01;0.01;CSV detalhado
15/07/2026;JULHO;2349;GUARANÁ CHP P2;2;PUXADA;NOITE;578;VAZAMENTO;;;9.4641;0.02;0.04;CSV detalhado
15/07/2026;JULHO;2350;SODA P2;6;PUXADA;NOITE;578;VAZAMENTO;;;27.0199;0.02;0.12;CSV detalhado
15/07/2026;JULHO;32067;GATORADE BERRY BLUE;1;PUXADA;MANHÃ;578;VAZAMENTO;;;3.786666667;0.005;0.005;CSV detalhado
15/07/2026;JULHO;32526;PETROPOLIS S/G 500ML;2;PUXADA;NOITE;578;VAZAMENTO;;;1.763316667;0.005;0.01;CSV detalhado
15/07/2026;JULHO;34608;SKOL MULTIPACK;12;ENTREGA;MANHÃ;548;VAZAMENTO;;;39;0.0035;0.042;CSV detalhado
15/07/2026;JULHO;4367;INDAIÁ S/G P1.5L;1;PUXADA;MANHÃ;578;VAZAMENTO;;;2.26165;0.015;0.015;CSV detalhado
15/07/2026;JULHO;503;SUKITA P2;2;PUXADA;MANHÃ;578;VAZAMENTO;;;6.4838;0.02;0.04;CSV detalhado
15/07/2026;JULHO;8793;H2OH LIMÃO 1,5L;2;PUXADA;MANHÃ;578;VAZAMENTO;;;9.384066667;0.015;0.03;CSV detalhado
15/07/2026;JULHO;9068;SKOL 350ML;21;PUXADA;MANHÃ;578;VAZAMENTO;;;49.91;0.0035;0.0735;CSV detalhado
15/07/2026;JULHO;9084;ANTARCTICA LATA 350ML;3;PUXADA;MANHÃ;578;VAZAMENTO;;;5.530625;0.0035;0.0105;CSV detalhado
15/07/2026;JULHO;9320;BRAHMA CHOPP LT 473ML SH C/12 NPAL;44;ARMAZEM;MANHÃ;539;QUEBRA COM MOVIMENTAÇÃO;;;130.0189;0.00473;0.20812;CSV detalhado
16/07/2026;JULHO;1166;SUKITA UVA P2;1;PUXADA;NOITE;578;VAZAMENTO;;;3.347966667;0.02;0.02;CSV detalhado
16/07/2026;JULHO;13201;BRAHMA LITRINHO;23;PUXADA;MANHÃ;576;FALTA NO PALETE;;;39.0754;0.003;0.069;CSV detalhado
16/07/2026;JULHO;18268;SUKITA PET 200ML;12;PUXADA;MANHÃ;576;FALTA NO PALETE;;;12.4744;0.002;0.024;CSV detalhado
16/07/2026;JULHO;19225;RED BULL C24;1;PUXADA;MANHÃ;578;VAZAMENTO;;;5.7561375;0.0025;0.0025;CSV detalhado
16/07/2026;JULHO;21119;BEATS GT C8;5;PUXADA;NOITE;578;VAZAMENTO;;;19.540875;0.00269;0.01345;CSV detalhado
16/07/2026;JULHO;2319;GUARANÁ CHP PET 1L;5;PUXADA;NOITE;578;VAZAMENTO;;;14.25966667;0.01;0.05;CSV detalhado
16/07/2026;JULHO;2349;GUARANÁ CHP P2;3;PUXADA;NOITE;578;VAZAMENTO;;;14.19615;0.02;0.06;CSV detalhado
16/07/2026;JULHO;2349;GUARANÁ CHP P2;1;PUXADA;MANHÃ;578;VAZAMENTO;;;4.73205;0.02;0.02;CSV detalhado
16/07/2026;JULHO;35331;BUD LITRÃO;12;PUXADA;MANHÃ;576;FALTA NO PALETE;;;65.61;0.01;0.12;CSV detalhado
16/07/2026;JULHO;4409;PEPSI TWIST P2;1;PUXADA;MANHÃ;578;VAZAMENTO;;;5.333333333;0.02;0.02;CSV detalhado
16/07/2026;JULHO;4409;PEPSI TWIST PET 2L SHRINK C/6;1;;;;;;;;;;CUIDA QUEBRAS.xlsx (complemento sem correspondente detalhado)
16/07/2026;JULHO;9067;AP 350ML;13;PUXADA;MANHÃ;578;VAZAMENTO;;;31.36683333;0.0035;0.0455;CSV detalhado
16/07/2026;JULHO;9068;SKOL 350ML;32;PUXADA;MANHÃ;578;VAZAMENTO;;;76.05333333;0.0035;0.112;CSV detalhado
16/07/2026;JULHO;9084;ANTARCTICA LATA 350ML;9;PUXADA;MANHÃ;578;VAZAMENTO;;;16.591875;0.0035;0.0315;CSV detalhado
16/07/2026;JULHO;9085;ANTARCTICA DIET LATA 350ML;1;PUXADA;NOITE;578;VAZAMENTO;;;1.861108333;0.0035;0.0035;CSV detalhado
16/07/2026;JULHO;9085;ANTARCTICA DIET LATA 350ML;1;PUXADA;MANHÃ;578;VAZAMENTO;;;1.861108333;0.0035;0.0035;CSV detalhado
16/07/2026;JULHO;9096;PEPSI LATA 350ML;16;PUXADA;MANHÃ;578;VAZAMENTO;;;26.70346667;0.0035;0.056;CSV detalhado
16/07/2026;JULHO;9276;PEPSI ZERO P2;3;PUXADA;MANHÃ;578;VAZAMENTO;;;13.0652;0.02;0.06;CSV detalhado
17/07/2026;JULHO;12948;BRAHMA CHOPP ZERO LATA;1;PUXADA;MANHÃ;578;VAZAMENTO;;;2.574283333;0.0035;0.0035;CSV detalhado
17/07/2026;JULHO;13061;H2OH LIMONETO PET500ML;1;PUXADA;NOITE;578;VAZAMENTO;;;2.732475;0.005;0.005;CSV detalhado
17/07/2026;JULHO;14135;BUDWEISER 473ML;3;PUXADA;MANHÃ;575;ESTUFADO;;;9.695575;0.00473;0.01419;CSV detalhado
17/07/2026;JULHO;1745;SKOL 269ML;1;PUXADA;NOITE;578;VAZAMENTO;;;2.060433333;0.00269;0.00269;CSV detalhado
17/07/2026;JULHO;19225;RED BULL C24;1;PUXADA;MANHÃ;578;VAZAMENTO;;;5.7561375;0.0025;0.0025;CSV detalhado
17/07/2026;JULHO;19227;RED BULL 355 FOUR PACK;2;PUXADA;MANHÃ;578;VAZAMENTO;;;14.5381;0.00355;0.0071;CSV detalhado
17/07/2026;JULHO;21020;BUDWEISER 350ML;1;PUXADA;MANHÃ;578;VAZAMENTO;;;2.648683333;0.0035;0.0035;CSV detalhado
17/07/2026;JULHO;21658;SPATEN LT 350ML;1;PUXADA;NOITE;575;ESTUFADO;;;3.34625;0.0035;0.0035;CSV detalhado
17/07/2026;JULHO;21658;SPATEN LT 350ML;1;PUXADA;MANHÃ;575;ESTUFADO;;;3.34625;0.0035;0.0035;CSV detalhado
17/07/2026;JULHO;2349;GUARANÁ CHP P2;8;PUXADA;NOITE;578;VAZAMENTO;;;37.8564;0.02;0.16;CSV detalhado
17/07/2026;JULHO;2353;GUARANÁ DIET P2;1;PUXADA;NOITE;578;VAZAMENTO;;;4.681;0.02;0.02;CSV detalhado
17/07/2026;JULHO;23552;INDAIÁ S/G 500ML;2;PUXADA;MANHÃ;578;VAZAMENTO;;;2.3683;0.005;0.01;CSV detalhado
17/07/2026;JULHO;2548;BUDWEISER 600;1;PUXADA;NOITE;577;QUEBRADA;;;4.470508333;0.006;0.006;CSV detalhado
17/07/2026;JULHO;33820;BRAHMA CHOPP MILTIPACK;1;PUXADA;NOITE;578;VAZAMENTO;;;2.908333333;0.0035;0.0035;CSV detalhado
17/07/2026;JULHO;503;SUKITA P2;6;PUXADA;NOITE;578;VAZAMENTO;;;19.4514;0.02;0.12;CSV detalhado
17/07/2026;JULHO;504;PEPSI P2;1;PUXADA;NOITE;578;VAZAMENTO;;;4.49545;0.02;0.02;CSV detalhado
17/07/2026;JULHO;7325;PEPSI P1;1;PUXADA;NOITE;578;VAZAMENTO;;;2.841216667;0.01;0.01;CSV detalhado
17/07/2026;JULHO;7947;GUARANÁ CHP 2,5L;1;PUXADA;MANHÃ;578;VAZAMENTO;;;5.391366667;0.025;0.025;CSV detalhado
17/07/2026;JULHO;9068;SKOL 350ML;2;PUXADA;MANHÃ;575;ESTUFADO;;;4.753333333;0.0035;0.007;CSV detalhado
17/07/2026;JULHO;9081;MALZBIER LATA 350ML;2;PUXADA;MANHÃ;578;VAZAMENTO;;;6.316666667;0.0035;0.007;CSV detalhado
17/07/2026;JULHO;9083;SKOL 473ML;1;PUXADA;NOITE;578;VAZAMENTO;;;3.1532;0.00473;0.00473;CSV detalhado
17/07/2026;JULHO;9083;SKOL 473ML;1;PUXADA;MANHÃ;575;ESTUFADO;;;3.1532;0.00473;0.00473;CSV detalhado
17/07/2026;JULHO;9274;PEPSI BLACK 350ML;1;PUXADA;NOITE;578;VAZAMENTO;;;1.824033333;0.0035;0.0035;CSV detalhado
17/07/2026;JULHO;9320;BRAHMA CHOPP 473ML;1;PUXADA;MANHÃ;578;VAZAMENTO;;;2.954975;0.00473;0.00473;CSV detalhado
17/07/2026;JULHO;9427;AP LATA 473 MP;1;PUXADA;NOITE;575;ESTUFADO;;;3.825;0.00473;0.00473;CSV detalhado
17/07/2026;JULHO;9427;AP LATA 473 MP;4;PUXADA;NOITE;575;ESTUFADO;;;15.3;0.00473;0.01892;CSV detalhado
17/07/2026;JULHO;9427;AP LATA 473 MP;1;PUXADA;MANHÃ;578;VAZAMENTO;;;3.825;0.00473;0.00473;CSV detalhado
17/07/2026;JULHO;9795;GUARANÁ DIET P1;1;PUXADA;MANHÃ;578;VAZAMENTO;;;2.787091667;0.01;0.01;CSV detalhado
20/07/2026;JULHO;1745;SKOL 269ML;2;PUXADA;MANHÃ;578;VAZAMENTO;;;4.120866667;0.00269;0.00538;CSV detalhado
20/07/2026;JULHO;1745;SKOL LT 269ML SH C15 NPAL;2;;;;;;;;;;CUIDA QUEBRAS.xlsx (complemento sem correspondente detalhado)
20/07/2026;JULHO;19227;RED BULL 355 FOUR PACK;1;PUXADA;NOITE;578;VAZAMENTO;;;7.26905;0.00355;0.00355;CSV detalhado
20/07/2026;JULHO;19227;RED BULL 355 FOUR PACK;1;PUXADA;MANHÃ;578;VAZAMENTO;;;7.26905;0.00355;0.00355;CSV detalhado
20/07/2026;JULHO;21020;BUDWEISER 350ML;2;PUXADA;MANHÃ;578;VAZAMENTO;;;5.297366667;0.0035;0.007;CSV detalhado
20/07/2026;JULHO;21020;BUDWEISER LT SLEEK 350ML CX CART C 12;2;;;;;;;;;;CUIDA QUEBRAS.xlsx (complemento sem correspondente detalhado)
20/07/2026;JULHO;2319;GUARANÁ CHP PET 1L;1;PUXADA;NOITE;578;VAZAMENTO;;;2.851933333;0.01;0.01;CSV detalhado
20/07/2026;JULHO;2320;SODA P1;1;PUXADA;MANHÃ;578;VAZAMENTO;;;2.651633333;0.01;0.01;CSV detalhado
20/07/2026;JULHO;2349;GUARANA CHP ANTARCTICA PET 2L CAIXA C/6;3;;;;;;;;;;CUIDA QUEBRAS.xlsx (complemento sem correspondente detalhado)
20/07/2026;JULHO;2349;GUARANÁ CHP P2;3;PUXADA;NOITE;578;VAZAMENTO;;;14.19615;0.02;0.06;CSV detalhado
20/07/2026;JULHO;2349;GUARANÁ CHP P2;3;PUXADA;MANHÃ;578;VAZAMENTO;;;14.19615;0.02;0.06;CSV detalhado
20/07/2026;JULHO;2353;GUARANÁ DIET P2;2;PUXADA;NOITE;578;VAZAMENTO;;;9.362;0.02;0.04;CSV detalhado
20/07/2026;JULHO;23552;INDAIA AGUA MINERAL S/GAS GFA PET 500ML PACK C/12;3;;;;;;;;;;CUIDA QUEBRAS.xlsx (complemento sem correspondente detalhado)
20/07/2026;JULHO;23552;INDAIÁ S/G 500ML;3;PUXADA;MANHÃ;578;VAZAMENTO;;;3.55245;0.005;0.015;CSV detalhado
20/07/2026;JULHO;30045;RED BULL 473ML C12;1;PUXADA;MANHÃ;578;VAZAMENTO;;;8.015;0.00473;0.00473;CSV detalhado
20/07/2026;JULHO;30045;RED BULL BR LATA 473ML CX C 12;1;;;;;;;;;;CUIDA QUEBRAS.xlsx (complemento sem correspondente detalhado)
20/07/2026;JULHO;34454;H2OH LIMONETO LATA;4;PUXADA;NOITE;578;VAZAMENTO;;;11.2;0.0035;0.014;CSV detalhado
20/07/2026;JULHO;34454;H2OH LIMONETO LT SLEEK 350ML SH C 12;4;;;;;;;;;;CUIDA QUEBRAS.xlsx (complemento sem correspondente detalhado)
20/07/2026;JULHO;34608;SKOL MULTIPACK;13;PUXADA;NOITE;578;VAZAMENTO;;;42.25;0.0035;0.0455;CSV detalhado
20/07/2026;JULHO;371;MALZBIER BRAHMA LONG NECK 355ML SIX-PACK BANDEJA C/4;1;;;;;;;;;;CUIDA QUEBRAS.xlsx (complemento sem correspondente detalhado)
20/07/2026;JULHO;371;MALZBIER LN;1;PUXADA;NOITE;586;SEM TAMPA;;;4.825;0.00355;0.00355;CSV detalhado
20/07/2026;JULHO;503;SUKITA P2;3;PUXADA;NOITE;578;VAZAMENTO;;;9.7257;0.02;0.06;CSV detalhado
20/07/2026;JULHO;503;SUKITA PET 2L CAIXA C/6;3;;;;;;;;;;CUIDA QUEBRAS.xlsx (complemento sem correspondente detalhado)
20/07/2026;JULHO;7947;GUARANÁ CHP 2,5L;1;PUXADA;MANHÃ;578;VAZAMENTO;;;5.391366667;0.025;0.025;CSV detalhado
20/07/2026;JULHO;7983;GATORADE MOR-MAR;3;PUXADA;MANHÃ;578;VAZAMENTO;;;11.66055;0.005;0.015;CSV detalhado
20/07/2026;JULHO;7983;GATORADE MORANGO-MARACUJA PET 500ML SIXPACK;3;;;;;;;;;;CUIDA QUEBRAS.xlsx (complemento sem correspondente detalhado)
20/07/2026;JULHO;9067;ANTARCTICA PILSEN LATA 350ML SH C/12 NPAL;1;;;;;;;;;;CUIDA QUEBRAS.xlsx (complemento sem correspondente detalhado)
20/07/2026;JULHO;9067;ANTARCTICA PILSEN LATA 350ML SH C/12 NPAL;3;;;;;;;;;;CUIDA QUEBRAS.xlsx (complemento sem correspondente detalhado)
20/07/2026;JULHO;9067;AP 350ML;3;PUXADA;NOITE;578;VAZAMENTO;;;7.2385;0.0035;0.0105;CSV detalhado
20/07/2026;JULHO;9067;AP 350ML;1;PUXADA;MANHÃ;578;VAZAMENTO;;;2.412833333;0.0035;0.0035;CSV detalhado
20/07/2026;JULHO;9068;SKOL 350ML;10;PUXADA;MANHÃ;575;ESTUFADO;;;23.76666667;0.0035;0.035;CSV detalhado
20/07/2026;JULHO;9068;SKOL LATA 350ML SH C/12 NPAL;10;;;;;;;;;;CUIDA QUEBRAS.xlsx (complemento sem correspondente detalhado)
20/07/2026;JULHO;9069;BRAHMA CHOPP 350ML;2;PUXADA;MANHÃ;575;ESTUFADO;;;4.751716667;0.0035;0.007;CSV detalhado
20/07/2026;JULHO;9069;BRAHMA CHOPP LATA 350ML SH C/12 NPAL;2;;;;;;;;;;CUIDA QUEBRAS.xlsx (complemento sem correspondente detalhado)
20/07/2026;JULHO;9087;SODA 350ML;7;PUXADA;MANHÃ;578;VAZAMENTO;;;11.32384167;0.0035;0.0245;CSV detalhado
20/07/2026;JULHO;9087;SODA LIMONADA ANTARCTICA LATA 350ML SH C/12 NPAL;7;;;;;;;;;;CUIDA QUEBRAS.xlsx (complemento sem correspondente detalhado)
20/07/2026;JULHO;9096;PEPSI COLA LATA 350ML SH C/12 NPAL;1;;;;;;;;;;CUIDA QUEBRAS.xlsx (complemento sem correspondente detalhado)
20/07/2026;JULHO;9096;PEPSI LATA 350ML;1;PUXADA;NOITE;578;VAZAMENTO;;;1.668966667;0.0035;0.0035;CSV detalhado
20/07/2026;JULHO;9276;PEPSI ZERO P2;7;PUXADA;MANHÃ;578;VAZAMENTO;;;30.48546667;0.02;0.14;CSV detalhado
20/07/2026;JULHO;9320;BRAHMA CHOPP 473ML;5;PUXADA;MANHÃ;575;ESTUFADO;;;14.774875;0.00473;0.02365;CSV detalhado
21/07/2026;JULHO;10175;SUBZERO 473ML;4;PUXADA;MANHÃ;578;VAZAMENTO;N/A;N/A;9,69953052;0.00516505;0,02065728;Histórico do dia da semana (registro detalhado)
21/07/2026;JULHO;1166;SUKITA UVA P2;2;PUXADA;MANHÃ;578;VAZAMENTO;N/A;N/A;4,84507042;0.00516505;0,01032394;Histórico do dia da semana (registro detalhado)
21/07/2026;JULHO;12948;BRAHMA CHOPP ZERO LATA;1;PUXADA;MANHÃ;575;ESTUFADO;N/A;N/A;2,42105263;0.00516505;0,00515789;Histórico do dia da semana (registro detalhado)
21/07/2026;JULHO;13205;SKOL LITRINHO;17;ARMAZEM;Noite;539;QUEBRA COM MOVIMENTAÇÃO;N/A;N/A;41,22842348;0.00516505;0,08780725;Histórico do dia da semana (registro detalhado)
21/07/2026;JULHO;1388;SKOL 1L;4;PUXADA;Noite;578;VAZAMENTO;N/A;N/A;9,70189702;0.00516505;0,02066125;Histórico do dia da semana (registro detalhado)
21/07/2026;JULHO;1388;SKOL 1L;4;ARMAZEM;Noite;539;QUEBRA COM MOVIMENTAÇÃO;N/A;N/A;9,70189702;0.00516505;0,02066125;Histórico do dia da semana (registro detalhado)
21/07/2026;JULHO;1695;BRAHMA 1L;1;ARMAZEM;Noite;539;QUEBRA COM MOVIMENTAÇÃO;N/A;N/A;2,42352941;0.00516505;0,00516471;Histórico do dia da semana (registro detalhado)
21/07/2026;JULHO;19225;RED BULL C24;1;PUXADA;MANHÃ;578;VAZAMENTO;N/A;N/A;2,42477876;0.00516505;0,00516814;Histórico do dia da semana (registro detalhado)
21/07/2026;JULHO;19668;ORIGINAL 350ML;2;PUXADA;MANHÃ;575;ESTUFADO;N/A;N/A;4,84507042;0.00516505;0,01032394;Histórico do dia da semana (registro detalhado)
21/07/2026;JULHO;21020;BUDWEISER 350ML;1;PUXADA;MANHÃ;575;ESTUFADO;N/A;N/A;2,42477876;0.00516505;0,00516814;Histórico do dia da semana (registro detalhado)
21/07/2026;JULHO;21020;BUDWEISER 350ML;1;PUXADA;MANHÃ;578;VAZAMENTO;N/A;N/A;2,42477876;0.00516505;0,00516814;Histórico do dia da semana (registro detalhado)
21/07/2026;JULHO;21020;BUDWEISER 350ML;1;PUXADA;NOITE;575;ESTUFADO;N/A;N/A;2,42105263;0.00516505;0,00515789;Histórico do dia da semana (registro detalhado)
21/07/2026;JULHO;2319;GUARANÁ CHP PET 1L;1;PUXADA;NOITE;578;VAZAMENTO;N/A;N/A;2,42477876;0.00516505;0,00516814;Histórico do dia da semana (registro detalhado)
21/07/2026;JULHO;2349;GUARANÁ CHP P2;2;PUXADA;NOITE;578;VAZAMENTO;N/A;N/A;4,85427136;0.00516505;0,01033166;Histórico do dia da semana (registro detalhado)
21/07/2026;JULHO;2349;GUARANÁ CHP P2;2;PUXADA;MANHÃ;578;VAZAMENTO;N/A;N/A;4,85427136;0.00516505;0,01033166;Histórico do dia da semana (registro detalhado)
21/07/2026;JULHO;2350;SODA P2;2;PUXADA;MANHÃ;578;VAZAMENTO;N/A;N/A;4,84507042;0.00516505;0,01032394;Histórico do dia da semana (registro detalhado)
21/07/2026;JULHO;29253;ORIGINAL 1L;1;PUXADA;MANHÃ;584;MAL CHEIO;N/A;N/A;2,42352941;0.00516505;0,00516471;Histórico do dia da semana (registro detalhado)
21/07/2026;JULHO;32526;PETROPOLIS S/G 500ML;2;PUXADA;MANHÃ;578;VAZAMENTO;N/A;N/A;4,84507042;0.00516505;0,01032394;Histórico do dia da semana (registro detalhado)
21/07/2026;JULHO;33734;BEATS RED MIX LATA;1;PUXADA;MANHÃ;578;VAZAMENTO;N/A;N/A;2,42105263;0.00516505;0,00515789;Histórico do dia da semana (registro detalhado)
21/07/2026;JULHO;34263;CORONA CERO LATA;1;PUXADA;MANHÃ;575;ESTUFADO;N/A;N/A;2,42105263;0.00516505;0,00515789;Histórico do dia da semana (registro detalhado)
21/07/2026;JULHO;34454;H2OH LIMONETO LATA;1;PUXADA;NOITE;575;ESTUFADO;N/A;N/A;2,42477876;0.00516505;0,00516814;Histórico do dia da semana (registro detalhado)
21/07/2026;JULHO;34608;SKOL MULTIPACK;12;ENTREGA;MANHÃ;548;VAZAMENTO;N/A;N/A;29,10402685;0.00516505;0,06198322;Histórico do dia da semana (registro detalhado)
21/07/2026;JULHO;4409;PEPSI TWIST P2;1;PUXADA;MANHÃ;578;VAZAMENTO;N/A;N/A;2,42105263;0.00516505;0,00515789;Histórico do dia da semana (registro detalhado)
21/07/2026;JULHO;503;SUKITA P2;1;PUXADA;NOITE;578;VAZAMENTO;N/A;N/A;2,42477876;0.00516505;0,00516814;Histórico do dia da semana (registro detalhado)
21/07/2026;JULHO;504;PEPSI P2;2;PUXADA;NOITE;578;VAZAMENTO;N/A;N/A;4,85427136;0.00516505;0,01033166;Histórico do dia da semana (registro detalhado)
21/07/2026;JULHO;7947;GUARANÁ CHP 2,5L;1;PUXADA;MANHÃ;578;VAZAMENTO;N/A;N/A;2,42105263;0.00516505;0,00515789;Histórico do dia da semana (registro detalhado)
21/07/2026;JULHO;9067;AP 350ML;10;ENTREGA;MANHÃ;548;VAZAMENTO;N/A;N/A;24,25073457;0.00516505;0,05165524;Histórico do dia da semana (registro detalhado)
21/07/2026;JULHO;9067;AP 350ML;2;PUXADA;MANHÃ;578;VAZAMENTO;N/A;N/A;4,84705882;0.00516505;0,01032941;Histórico do dia da semana (registro detalhado)
21/07/2026;JULHO;9068;SKOL 350ML;2;PUXADA;MANHÃ;578;VAZAMENTO;N/A;N/A;4,85427136;0.00516505;0,01033166;Histórico do dia da semana (registro detalhado)
21/07/2026;JULHO;9069;BRAHMA CHOPP 350ML;2;PUXADA;NOITE;575;ESTUFADO;N/A;N/A;4,85462555;0.00516505;0,01032599;Histórico do dia da semana (registro detalhado)
21/07/2026;JULHO;9069;BRAHMA CHOPP 350ML;1;PUXADA;MANHÃ;578;VAZAMENTO;N/A;N/A;2,42352941;0.00516505;0,00516471;Histórico do dia da semana (registro detalhado)
21/07/2026;JULHO;9083;SKOL 473ML;5;PUXADA;MANHÃ;575;ESTUFADO;N/A;N/A;12,12430427;0.00516505;0,0258256;Histórico do dia da semana (registro detalhado)
21/07/2026;JULHO;9084;ANTARCTICA LATA 350ML;1;PUXADA;NOITE;578;VAZAMENTO;N/A;N/A;2,42105263;0.00516505;0,00515789;Histórico do dia da semana (registro detalhado)
21/07/2026;JULHO;9085;ANTARCTICA DIET LATA 350ML;2;PUXADA;NOITE;575;ESTUFADO;N/A;N/A;4,84507042;0.00516505;0,01032394;Histórico do dia da semana (registro detalhado)
21/07/2026;JULHO;9096;PEPSI LATA 350ML;1;PUXADA;MANHÃ;578;VAZAMENTO;N/A;N/A;2,42105263;0.00516505;0,00515789;Histórico do dia da semana (registro detalhado)
21/07/2026;JULHO;9276;PEPSI ZERO P2;2;PUXADA;NOITE;578;VAZAMENTO;N/A;N/A;4,85462555;0.00516505;0,01032599;Histórico do dia da semana (registro detalhado)
21/07/2026;JULHO;9320;BRAHMA CHOPP 473ML;1;PUXADA;MANHÃ;575;ESTUFADO;N/A;N/A;2,42352941;0.00516505;0,00516471;Histórico do dia da semana (registro detalhado)
21/07/2026;JULHO;9427;AP LATA 473 MP;2;PUXADA;NOITE;575;ESTUFADO;N/A;N/A;4,85462555;0.00516505;0,01032599;Histórico do dia da semana (registro detalhado)
21/07/2026;JULHO;9427;AP LATA 473 MP;1;PUXADA;MANHÃ;578;VAZAMENTO;N/A;N/A;2,42105263;0.00516505;0,00515789;Histórico do dia da semana (registro detalhado)
21/07/2026;JULHO;9795;GUARANÁ DIET P1;1;PUXADA;NOITE;578;VAZAMENTO;N/A;N/A;2,42105263;0.00516505;0,00515789;Histórico do dia da semana (registro detalhado)
21/07/2026;JULHO;988;BRAHMA 600;1;PUXADA;MANHÃ;584;MAL CHEIO;N/A;N/A;2,42105263;0.00516505;0,00515789;Histórico do dia da semana (registro detalhado)
22/07/2026;JULHO;10175;ANTARCTICA SUBZERO LT 473ML SH C/12 NPAL;1;PUXADA;NOITE;578;VAZAMENTO;;;3.7375;0.00473;0.00473;CSV detalhado
22/07/2026;JULHO;13065;H2OH LIMONETO PET 1,5 SHRINK C/06 NPAL;1;PUXADA;NOITE;578;VAZAMENTO;;;4.5385;0.015;0.015;CSV detalhado
22/07/2026;JULHO;1388;SKOL GFA VD 1L 2,99;1;ARMAZEM;NOITE;539;QUEBRA COM MOVIMENTAÇÃO;;;4.286791667;0.01;0.01;CSV detalhado
22/07/2026;JULHO;21658;SPATEN N LT SLEEK 350ML CX CART C 12;1;PUXADA;MANHÃ;578;VAZAMENTO;;;3.34625;0.0035;0.0035;CSV detalhado
22/07/2026;JULHO;2319;GUARANA CHP ANTARCTICA PET 1L CAIXA C/12;1;PUXADA;MANHÃ;578;VAZAMENTO;;;2.851933333;0.01;0.01;CSV detalhado
22/07/2026;JULHO;2349;GUARANA CHP ANTARCTICA PET 2L CAIXA C/6;7;PUXADA;NOITE;578;VAZAMENTO;;;33.12435;0.02;0.14;CSV detalhado
22/07/2026;JULHO;32526;PETROPOLIS AGUA MIN SEM GAS GARRAFA PET 500MLCX C12;2;PUXADA;MANHÃ;578;VAZAMENTO;;;1.763316667;0.005;0.01;CSV detalhado
22/07/2026;JULHO;33734;BEATS RED MIX LT 269ML SH C/8;3;PUXADA;MANHÃ;578;VAZAMENTO;;;13.23375;0.00269;0.00807;CSV detalhado
22/07/2026;JULHO;34454;H2OH LIMONETO LT SLEEK 350ML SH C 12;51;PUXADA;MANHÃ;578;VAZAMENTO;;;142.8;0.0035;0.1785;CSV detalhado
22/07/2026;JULHO;347;SUKITA PET 1L CAIXA C/12;1;PUXADA;MANHÃ;578;VAZAMENTO;;;2.539716667;0.01;0.01;CSV detalhado
22/07/2026;JULHO;503;SUKITA PET 2L CAIXA C/6;4;PUXADA;MANHÃ;578;VAZAMENTO;;;12.9676;0.02;0.08;CSV detalhado
22/07/2026;JULHO;7325;PEPSI COLA PET 1L CAIXA C/12;2;PUXADA;NOITE;578;VAZAMENTO;;;5.682433333;0.01;0.02;CSV detalhado
22/07/2026;JULHO;7983;GATORADE MORANGO-MARACUJA PET 500ML SIXPACK;1;PUXADA;NOITE;578;VAZAMENTO;;;3.88685;0.005;0.005;CSV detalhado
22/07/2026;JULHO;9068;SKOL LATA 350ML SH C/12 NPAL;1;PUXADA;NOITE;578;VAZAMENTO;;;2.376666667;0.0035;0.0035;CSV detalhado
22/07/2026;JULHO;9068;SKOL LATA 350ML SH C/12 NPAL;13;PUXADA;MANHÃ;578;VAZAMENTO;;;30.89666667;0.0035;0.0455;CSV detalhado
22/07/2026;JULHO;9083;SKOL LT 473ML SH C/12 NPAL;3;PUXADA;MANHÃ;578;VAZAMENTO;;;9.4596;0.00473;0.01419;CSV detalhado
22/07/2026;JULHO;9084;GUARANA CHP ANTARCTICA LATA 350ML SH C/12 NPAL;1;PUXADA;NOITE;578;VAZAMENTO;;;1.843541667;0.0035;0.0035;CSV detalhado
22/07/2026;JULHO;9091;TONICA ANTARCTICA LATA 350ML SH C/12 NPAL;1;PUXADA;NOITE;578;VAZAMENTO;;;2.076733333;0.0035;0.0035;CSV detalhado
22/07/2026;JULHO;9091;TONICA ANTARCTICA LATA 350ML SH C/12 NPAL;4;PUXADA;MANHÃ;578;VAZAMENTO;;;8.306933333;0.0035;0.014;CSV detalhado
22/07/2026;JULHO;9276;PEPSI ZERO PET 2L CAIXA C/6;1;PUXADA;MANHÃ;578;VAZAMENTO;;;4.355066667;0.02;0.02;CSV detalhado
22/07/2026;JULHO;9795;GUARANA ANTARCTICA ZERO PET 1L CAIXA C/12;1;PUXADA;MANHÃ;578;VAZAMENTO;;;2.787091667;0.01;0.01;CSV detalhado
23/07/2026;JULHO;1164;SUKITA UVA LATA 350ML SH C/12 NPAL;1;PUXADA;NOITE;578;VAZAMENTO;;;2.083333333;0.0035;0.0035;CSV detalhado
23/07/2026;JULHO;13061;H2OH LIMONETO PET 500ML SHRINK C/12 NPAL;6;PUXADA;MANHÃ;578;VAZAMENTO;;;16.39485;0.005;0.03;CSV detalhado
23/07/2026;JULHO;1695;BRAHMA CHOPP GFA VD 1L COM TTC;1;PUXADA;NOITE;589;QUEBRA COM MOVIMENTAÇÃO;;;4.990975;0.01;0.01;CSV detalhado
23/07/2026;JULHO;1743;ANTARCTICA PILSEN GFA VD 1L COM TTC;1;PUXADA;NOITE;589;QUEBRA COM MOVIMENTAÇÃO;;;3.397025;0.01;0.01;CSV detalhado
23/07/2026;JULHO;19225;RED BULL BR LATA 250ML CX C 24 NPAL .;1;PUXADA;MANHÃ;578;VAZAMENTO;;;5.7561375;0.0025;0.0025;CSV detalhado
23/07/2026;JULHO;21020;BUDWEISER LT SLEEK 350ML CX CART C 12;1;PUXADA;NOITE;578;VAZAMENTO;;;2.648683333;0.0035;0.0035;CSV detalhado
23/07/2026;JULHO;2349;GUARANA CHP ANTARCTICA PET 2L CAIXA C/6;2;PUXADA;NOITE;578;VAZAMENTO;;;9.4641;0.02;0.04;CSV detalhado
23/07/2026;JULHO;34454;H2OH LIMONETO LT SLEEK 350ML SH C 12;3;PUXADA;MANHÃ;578;VAZAMENTO;;;8.4;0.0035;0.0105;CSV detalhado
23/07/2026;JULHO;34454;H2OH LIMONETO LT SLEEK 350ML SH C 12;6;PUXADA;NOITE;578;VAZAMENTO;;;16.8;0.0035;0.021;CSV detalhado
23/07/2026;JULHO;4409;PEPSI TWIST PET 2L SHRINK C/6;1;PUXADA;NOITE;578;VAZAMENTO;;;5.333333333;0.02;0.02;CSV detalhado
23/07/2026;JULHO;503;SUKITA PET 2L CAIXA C/6;4;PUXADA;NOITE;578;VAZAMENTO;;;12.9676;0.02;0.08;CSV detalhado
23/07/2026;JULHO;503;SUKITA PET 2L CAIXA C/6;7;PUXADA;MANHÃ;578;VAZAMENTO;;;22.6933;0.02;0.14;CSV detalhado
23/07/2026;JULHO;504;PEPSI COLA PET 2L CAIXA C/6;7;PUXADA;MANHÃ;578;VAZAMENTO;;;31.46815;0.02;0.14;CSV detalhado
23/07/2026;JULHO;9067;ANTARCTICA PILSEN LATA 350ML SH C/12 NPAL;2;PUXADA;NOITE;578;VAZAMENTO;;;4.825666667;0.0035;0.007;CSV detalhado
23/07/2026;JULHO;9068;SKOL LATA 350ML SH C/12 NPAL;5;PUXADA;MANHÃ;578;VAZAMENTO;;;11.88333333;0.0035;0.0175;CSV detalhado
23/07/2026;JULHO;9068;SKOL LATA 350ML SH C/12 NPAL;6;PUXADA;NOITE;578;VAZAMENTO;;;14.26;0.0035;0.021;CSV detalhado
23/07/2026;JULHO;9069;BRAHMA CHOPP LATA 350ML SH C/12 NPAL;2;PUXADA;NOITE;578;VAZAMENTO;;;4.751716667;0.0035;0.007;CSV detalhado
23/07/2026;JULHO;9084;GUARANA CHP ANTARCTICA LATA 350ML SH C/12 NPAL;1;PUXADA;NOITE;578;VAZAMENTO;;;1.843541667;0.0035;0.0035;CSV detalhado
24/07/2026;JULHO;1166;SUKITA UVA PET 2L CAIXA C/6;3;PUXADA;NOITE;578;VAZAMENTO;;;10.0439;0.02;0.06;CSV detalhado
24/07/2026;JULHO;1166;SUKITA UVA PET 2L CAIXA C/6;1;PUXADA;MANHÃ;578;VAZAMENTO;;;3.347966667;0.02;0.02;CSV detalhado
24/07/2026;JULHO;13061;H2OH LIMONETO PET 500ML SHRINK C/12 NPAL;5;PUXADA;MANHÃ;578;VAZAMENTO;;;13.662375;0.005;0.025;CSV detalhado
24/07/2026;JULHO;19225;RED BULL BR LATA 250ML CX C 24 NPAL .;1;PUXADA;MANHÃ;578;VAZAMENTO;;;5.7561375;0.0025;0.0025;CSV detalhado
24/07/2026;JULHO;21666;RED BULL TROPICAL BR LATA 250ML FOUR PACK NPAL .;1;PUXADA;MANHÃ;578;VAZAMENTO;;;6.20475;0.0025;0.0025;CSV detalhado
24/07/2026;JULHO;2349;GUARANA CHP ANTARCTICA PET 2L CAIXA C/6;7;PUXADA;NOITE;578;VAZAMENTO;;;33.12435;0.02;0.14;CSV detalhado
24/07/2026;JULHO;2349;GUARANA CHP ANTARCTICA PET 2L CAIXA C/6;1;PUXADA;MANHÃ;584;MAL CHEIO;;;4.73205;0.02;0.02;CSV detalhado
24/07/2026;JULHO;32067;GATORADE BERRY BLUE PET 500ML SIXPACK;1;PUXADA;MANHÃ;578;VAZAMENTO;;;3.786666667;0.005;0.005;CSV detalhado
24/07/2026;JULHO;34454;H2OH LIMONETO LT SLEEK 350ML SH C 12;1;PUXADA;MANHÃ;578;VAZAMENTO;;;2.8;0.0035;0.0035;CSV detalhado
24/07/2026;JULHO;503;SUKITA PET 2L CAIXA C/6;1;PUXADA;NOITE;578;VAZAMENTO;;;3.2419;0.02;0.02;CSV detalhado
24/07/2026;JULHO;9067;ANTARCTICA PILSEN LATA 350ML SH C/12 NPAL;2;PUXADA;MANHÃ;575;ESTUFADO;;;4.825666667;0.0035;0.007;CSV detalhado
24/07/2026;JULHO;9068;SKOL LATA 350ML SH C/12 NPAL;3;PUXADA;MANHÃ;578;VAZAMENTO;;;7.13;0.0035;0.0105;CSV detalhado
24/07/2026;JULHO;9083;SKOL LT 473ML SH C/12 NPAL;1;PUXADA;MANHÃ;578;VAZAMENTO;;;3.1532;0.00473;0.00473;CSV detalhado
24/07/2026;JULHO;9084;GUARANA CHP ANTARCTICA LATA 350ML SH C/12 NPAL;1;PUXADA;NOITE;578;VAZAMENTO;;;1.843541667;0.0035;0.0035;CSV detalhado
24/07/2026;JULHO;9085;GUARANA CHP ANTARCTICA DIET LATA 350ML SH C/12 NPAL;1;PUXADA;NOITE;578;VAZAMENTO;;;1.861108333;0.0035;0.0035;CSV detalhado
24/07/2026;JULHO;9085;GUARANA CHP ANTARCTICA DIET LATA 350ML SH C/12 NPAL;1;PUXADA;MANHÃ;578;VAZAMENTO;;;1.861108333;0.0035;0.0035;CSV detalhado
24/07/2026;JULHO;9276;PEPSI ZERO PET 2L CAIXA C/6;4;PUXADA;NOITE;578;VAZAMENTO;;;17.42026667;0.02;0.08;CSV detalhado
24/07/2026;JULHO;9320;BRAHMA CHOPP LT 473ML SH C/12 NPAL;1;PUXADA;MANHÃ;578;VAZAMENTO;;;2.954975;0.00473;0.00473;CSV detalhado
27/07/2026;JULHO;1388;SKOL GFA VD 1L 2,99;3;PUXADA;MANHÃ;584;MAL CHEIO;;;12.860375;0.01;0.03;CSV detalhado
27/07/2026;JULHO;19164;GUARANA CHP ANTARCTICA PET 1L PACK C/2 MULTPACK;40;PUXADA;MANHÃ;576;FALTA NO PALETE;;;77.972;0.01;0.4;CSV detalhado
27/07/2026;JULHO;21666;RED BULL TROPICAL BR LATA 250ML FOUR PACK NPAL .;2;PUXADA;MANHÃ;578;VAZAMENTO;;;12.4095;0.0025;0.005;CSV detalhado
27/07/2026;JULHO;2319;GUARANA CHP ANTARCTICA PET 1L CAIXA C/12;1;PUXADA;MANHÃ;578;VAZAMENTO;;;2.851933333;0.01;0.01;CSV detalhado
27/07/2026;JULHO;2349;GUARANA CHP ANTARCTICA PET 2L CAIXA C/6;4;PUXADA;MANHÃ;578;VAZAMENTO;;;18.9282;0.02;0.08;CSV detalhado
27/07/2026;JULHO;2349;GUARANA CHP ANTARCTICA PET 2L CAIXA C/6;6;PUXADA;MANHÃ;578;VAZAMENTO;;;28.3923;0.02;0.12;CSV detalhado
27/07/2026;JULHO;33818;ORIGINAL LATA 350ML SHRINK C/12 MULTPACK;7;PUXADA;MANHÃ;578;VAZAMENTO;;;21.92166667;0.0035;0.0245;CSV detalhado
27/07/2026;JULHO;34608;SKOL LATA 350ML SH C/12 NPAL MULTIPACK;14;PUXADA;MANHÃ;578;VAZAMENTO;;;45.5;0.0035;0.049;CSV detalhado
27/07/2026;JULHO;4367;INDAIA AGUA MINERAL S/GAS GFA PET 1,5L FD C/6;1;PUXADA;MANHÃ;578;VAZAMENTO;;;2.26165;0.015;0.015;CSV detalhado
27/07/2026;JULHO;504;PEPSI COLA PET 2L CAIXA C/6;2;PUXADA;MANHÃ;578;VAZAMENTO;;;8.9909;0.02;0.04;CSV detalhado
27/07/2026;JULHO;9085;GUARANA CHP ANTARCTICA DIET LATA 350ML SH C/12 NPAL;1;PUXADA;MANHÃ;578;VAZAMENTO;;;1.861108333;0.0035;0.0035;CSV detalhado
27/07/2026;JULHO;9276;PEPSI ZERO PET 2L CAIXA C/6;2;PUXADA;MANHÃ;578;VAZAMENTO;;;8.710133333;0.02;0.04;CSV detalhado
28/07/2026;JULHO;19225;RED BULL BR LATA 250ML CX C 24 NPAL .;1;PUXADA;MANHÃ;578;VAZAMENTO;;;5.7561375;0.0025;0.0025;CSV detalhado
28/07/2026;JULHO;20164;SKOL LT 473ML SH C/12 NPAL MULTPACK 12;6;PUXADA;MANHÃ;578;VAZAMENTO;;;18.7;0.00473;0.02838;CSV detalhado
28/07/2026;JULHO;20498;BRAHMA DUPLO MALTE LT SLEEK 350ML SH C 12;1;PUXADA;MANHÃ;578;VAZAMENTO;;;2.707025;0.0035;0.0035;CSV detalhado
28/07/2026;JULHO;21020;BUDWEISER LT SLEEK 350ML CX CART C 12;8;PUXADA;NOITE;578;VAZAMENTO;;;21.18946667;0.0035;0.028;CSV detalhado
28/07/2026;JULHO;21020;BUDWEISER LT SLEEK 350ML CX CART C 12;1;PUXADA;MANHÃ;578;VAZAMENTO;;;2.648683333;0.0035;0.0035;CSV detalhado
28/07/2026;JULHO;22177;BUDWEISER ZERO LT SLEEK 350ML C 8 CX CARTAO;2;ENTREGA;MANHÃ;548;VAZAMENTO;;;5.7754;0.0035;0.007;CSV detalhado
28/07/2026;JULHO;2319;GUARANA CHP ANTARCTICA PET 1L CAIXA C/12;1;PUXADA;NOITE;578;VAZAMENTO;;;2.851933333;0.01;0.01;CSV detalhado
28/07/2026;JULHO;2349;GUARANA CHP ANTARCTICA PET 2L CAIXA C/6;4;PUXADA;NOITE;578;VAZAMENTO;;;18.9282;0.02;0.08;CSV detalhado
28/07/2026;JULHO;25700;FUSION PET 2L SHRINK C/6;7;PUXADA;NOITE;578;VAZAMENTO;;;36.19501667;0.02;0.14;CSV detalhado
28/07/2026;JULHO;25837;SPATEN N LT 473ML CX CARTAO C/12;1;PUXADA;MANHÃ;578;VAZAMENTO;;;7.158333333;0.00473;0.00473;CSV detalhado
28/07/2026;JULHO;34325;ELEVE AGUA MIN C GAS GFA PET 510ML FD C/12;1;PUXADA;NOITE;578;VAZAMENTO;;;1.491666667;0.0051;0.0051;CSV detalhado
28/07/2026;JULHO;34454;H2OH LIMONETO LT SLEEK 350ML SH C 12;33;PUXADA;MANHÃ;578;VAZAMENTO;;;92.4;0.0035;0.1155;CSV detalhado
28/07/2026;JULHO;34608;SKOL LATA 350ML SH C/12 NPAL MULTIPACK;18;ENTREGA;MANHÃ;548;VAZAMENTO;;;58.5;0.0035;0.063;CSV detalhado
28/07/2026;JULHO;37450;BUDWEISER LT SLEEK 350ML SH C 12 MULTIPACK;6;ENTREGA;MANHÃ;548;VAZAMENTO;;;20.845;0.0035;0.021;CSV detalhado
28/07/2026;JULHO;503;SUKITA PET 2L CAIXA C/6;1;PUXADA;NOITE;578;VAZAMENTO;;;3.2419;0.02;0.02;CSV detalhado
28/07/2026;JULHO;504;PEPSI COLA PET 2L CAIXA C/6;1;PUXADA;NOITE;578;VAZAMENTO;;;4.49545;0.02;0.02;CSV detalhado
28/07/2026;JULHO;504;PEPSI COLA PET 2L CAIXA C/6;7;PUXADA;MANHÃ;578;VAZAMENTO;;;31.46815;0.02;0.14;CSV detalhado
28/07/2026;JULHO;7325;PEPSI COLA PET 1L CAIXA C/12;1;PUXADA;NOITE;578;VAZAMENTO;;;2.841216667;0.01;0.01;CSV detalhado
28/07/2026;JULHO;7325;PEPSI COLA PET 1L CAIXA C/12;3;PUXADA;MANHÃ;578;VAZAMENTO;;;8.52365;0.01;0.03;CSV detalhado
28/07/2026;JULHO;8793;H2OH LIMAO C/GAS PET 1,5L CAIXA C/6;6;ENTREGA;MANHÃ;548;VAZAMENTO;;;28.1522;0.015;0.09;CSV detalhado
28/07/2026;JULHO;9069;BRAHMA CHOPP LATA 350ML SH C/12 NPAL;1;PUXADA;MANHÃ;578;VAZAMENTO;;;2.375858333;0.0035;0.0035;CSV detalhado
28/07/2026;JULHO;9084;GUARANA CHP ANTARCTICA LATA 350ML SH C/12 NPAL;3;PUXADA;MANHÃ;578;VAZAMENTO;;;5.530625;0.0035;0.0105;CSV detalhado
28/07/2026;JULHO;9091;TONICA ANTARCTICA LATA 350ML SH C/12 NPAL;5;PUXADA;MANHÃ;578;VAZAMENTO;;;10.38366667;0.0035;0.0175;CSV detalhado
28/07/2026;JULHO;9092;TONICA ANTARCTICA DIET LATA 350ML SH C/12 NPAL;1;ENTREGA;MANHÃ;548;VAZAMENTO;;;1.964575;0.0035;0.0035;CSV detalhado
28/07/2026;JULHO;9096;PEPSI COLA LATA 350ML SH C/12 NPAL;4;PUXADA;NOITE;578;VAZAMENTO;;;6.675866667;0.0035;0.014;CSV detalhado
28/07/2026;JULHO;9274;PEPSI ZERO LATA 350ML SH C/12 NPAL;1;ENTREGA;MANHÃ;548;VAZAMENTO;;;1.824033333;0.0035;0.0035;CSV detalhado
28/07/2026;JULHO;9274;PEPSI ZERO LATA 350ML SH C/12 NPAL;2;PUXADA;MANHÃ;578;VAZAMENTO;;;3.648066667;0.0035;0.007;CSV detalhado
28/07/2026;JULHO;9320;BRAHMA CHOPP LT 473ML SH C/12 NPAL;12;PUXADA;NOITE;575;ESTUFADO;;;35.4597;0.00473;0.05676;CSV detalhado
29/07/2026;JULHO;19321;GUARANA ANTARCTICA ZERO PET 200ML SH C/12;2;PUXADA;NOITE;578;VAZAMENTO;;;2.14;0.002;0.004;CSV detalhado
29/07/2026;JULHO;21020;BUDWEISER LT SLEEK 350ML CX CART C 12;6;PUXADA;MANHÃ;578;VAZAMENTO;;;15.8921;0.0035;0.021;CSV detalhado
29/07/2026;JULHO;2319;GUARANA CHP ANTARCTICA PET 1L CAIXA C/12;2;PUXADA;NOITE;578;VAZAMENTO;;;5.703866667;0.01;0.02;CSV detalhado
29/07/2026;JULHO;2349;GUARANA CHP ANTARCTICA PET 2L CAIXA C/6;4;PUXADA;NOITE;578;VAZAMENTO;;;18.9282;0.02;0.08;CSV detalhado
29/07/2026;JULHO;2349;GUARANA CHP ANTARCTICA PET 2L CAIXA C/6;22;PUXADA;MANHÃ;578;VAZAMENTO;;;104.1051;0.02;0.44;CSV detalhado
29/07/2026;JULHO;2548;BUDWEISER 600ML;1;PUXADA;NOITE;577;QUEBRADA;;;4.470508333;0.006;0.006;CSV detalhado
29/07/2026;JULHO;34608;SKOL LATA 350ML SH C/12 NPAL MULTIPACK;10;PUXADA;MANHÃ;575;ESTUFADO;;;32.5;0.0035;0.035;CSV detalhado
29/07/2026;JULHO;34608;SKOL LATA 350ML SH C/12 NPAL MULTIPACK;11;PUXADA;MANHÃ;578;VAZAMENTO;;;35.75;0.0035;0.0385;CSV detalhado
29/07/2026;JULHO;34608;SKOL LATA 350ML SH C/12 NPAL MULTIPACK;14;ENTREGA;MANHÃ;548;VAZAMENTO;;;45.5;0.0035;0.049;CSV detalhado
29/07/2026;JULHO;504;PEPSI COLA PET 2L CAIXA C/6;1;ENTREGA;MANHÃ;548;VAZAMENTO;;;4.49545;0.02;0.02;CSV detalhado
29/07/2026;JULHO;7325;PEPSI COLA PET 1L CAIXA C/12;5;PUXADA;NOITE;578;VAZAMENTO;;;14.20608333;0.01;0.05;CSV detalhado
29/07/2026;JULHO;9067;ANTARCTICA PILSEN LATA 350ML SH C/12 NPAL;2;PUXADA;NOITE;578;VAZAMENTO;;;4.825666667;0.0035;0.007;CSV detalhado
29/07/2026;JULHO;9069;BRAHMA CHOPP LATA 350ML SH C/12 NPAL;4;PUXADA;MANHÃ;578;VAZAMENTO;;;9.503433333;0.0035;0.014;CSV detalhado
29/07/2026;JULHO;9084;GUARANA CHP ANTARCTICA LATA 350ML SH C/12 NPAL;1;PUXADA;NOITE;578;VAZAMENTO;;;1.843541667;0.0035;0.0035;CSV detalhado
29/07/2026;JULHO;9084;GUARANA CHP ANTARCTICA LATA 350ML SH C/12 NPAL;1;PUXADA;MANHÃ;578;VAZAMENTO;;;1.843541667;0.0035;0.0035;CSV detalhado
29/07/2026;JULHO;9092;TONICA ANTARCTICA DIET LATA 350ML SH C/12 NPAL;1;PUXADA;MANHÃ;578;VAZAMENTO;;;1.964575;0.0035;0.0035;CSV detalhado
29/07/2026;JULHO;9276;PEPSI ZERO PET 2L CAIXA C/6;1;PUXADA;MANHÃ;578;VAZAMENTO;;;4.355066667;0.02;0.02;CSV detalhado
30/07/2026;JULHO;12948;BRAHMA CHOPP ZERO LATA 350ML SH C/12 NPAL;2;PUXADA;MANHÃ;578;VAZAMENTO;;;5.148566667;0.0035;0.007;CSV detalhado
30/07/2026;JULHO;19668;ORIGINAL LATA 350ML SH C/12 NPAL;12;PUXADA;MANHÃ;578;VAZAMENTO;;;37.5759;0.0035;0.042;CSV detalhado
30/07/2026;JULHO;21020;BUDWEISER LT SLEEK 350ML CX CART C 12;2;ENTREGA;MANHÃ;548;VAZAMENTO;;;5.297366667;0.0035;0.007;CSV detalhado
30/07/2026;JULHO;21020;BUDWEISER LT SLEEK 350ML CX CART C 12;3;PUXADA;MANHÃ;578;VAZAMENTO;;;7.94605;0.0035;0.0105;CSV detalhado
30/07/2026;JULHO;2353;GUARANA CHP ANTARCTICA DIET PET 2L CAIXA C/6;2;PUXADA;MANHÃ;578;VAZAMENTO;;;9.362;0.02;0.04;CSV detalhado
30/07/2026;JULHO;2546;ORIGINAL 600ML;1;PUXADA;NOITE;589;QUEBRA COM MOVIMENTAÇÃO;;;5.085383333;0.006;0.006;CSV detalhado
30/07/2026;JULHO;33818;ORIGINAL LATA 350ML SHRINK C/12 MULTPACK;2;PUXADA;NOITE;578;VAZAMENTO;;;6.263333333;0.0035;0.007;CSV detalhado
30/07/2026;JULHO;34608;SKOL LATA 350ML SH C/12 NPAL MULTIPACK;1;PUXADA;NOITE;578;VAZAMENTO;;;3.25;0.0035;0.0035;CSV detalhado
30/07/2026;JULHO;347;SUKITA PET 1L CAIXA C/12;2;PUXADA;NOITE;578;VAZAMENTO;;;5.079433333;0.01;0.02;CSV detalhado
30/07/2026;JULHO;504;PEPSI COLA PET 2L CAIXA C/6;5;PUXADA;NOITE;578;VAZAMENTO;;;22.47725;0.02;0.1;CSV detalhado
30/07/2026;JULHO;7325;PEPSI COLA PET 1L CAIXA C/12;2;PUXADA;NOITE;578;VAZAMENTO;;;5.682433333;0.01;0.02;CSV detalhado
30/07/2026;JULHO;7325;PEPSI COLA PET 1L CAIXA C/12;3;ENTREGA;MANHÃ;543;ACIDENTE DE TRABALHO;;;8.52365;0.01;0.03;CSV detalhado
30/07/2026;JULHO;7945;PEPSI COLA PET 2,5L CAIXA C/6;1;PUXADA;MANHÃ;578;VAZAMENTO;;;5.2229;0.025;0.025;CSV detalhado
30/07/2026;JULHO;9067;ANTARCTICA PILSEN LATA 350ML SH C/12 NPAL;3;PUXADA;NOITE;578;VAZAMENTO;;;7.2385;0.0035;0.0105;CSV detalhado
30/07/2026;JULHO;9067;ANTARCTICA PILSEN LATA 350ML SH C/12 NPAL;2;ENTREGA;MANHÃ;548;VAZAMENTO;;;4.825666667;0.0035;0.007;CSV detalhado
30/07/2026;JULHO;9067;ANTARCTICA PILSEN LATA 350ML SH C/12 NPAL;2;PUXADA;MANHÃ;578;VAZAMENTO;;;4.825666667;0.0035;0.007;CSV detalhado
30/07/2026;JULHO;9068;SKOL LATA 350ML SH C/12 NPAL;12;PUXADA;MANHÃ;578;VAZAMENTO;;;28.52;0.0035;0.042;CSV detalhado
30/07/2026;JULHO;9069;BRAHMA CHOPP LATA 350ML SH C/12 NPAL;1;PUXADA;MANHÃ;578;VAZAMENTO;;;2.375858333;0.0035;0.0035;CSV detalhado
30/07/2026;JULHO;9084;GUARANA CHP ANTARCTICA LATA 350ML SH C/12 NPAL;4;PUXADA;NOITE;578;VAZAMENTO;;;7.374166667;0.0035;0.014;CSV detalhado
30/07/2026;JULHO;9085;GUARANA CHP ANTARCTICA DIET LATA 350ML SH C/12 NPAL;2;PUXADA;MANHÃ;578;VAZAMENTO;;;3.722216667;0.0035;0.007;CSV detalhado
30/07/2026;JULHO;9087;SODA LIMONADA ANTARCTICA LATA 350ML SH C/12 NPAL;1;ENTREGA;MANHÃ;548;VAZAMENTO;;;1.617691667;0.0035;0.0035;CSV detalhado
30/07/2026;JULHO;9087;SODA LIMONADA ANTARCTICA LATA 350ML SH C/12 NPAL;4;PUXADA;MANHÃ;578;VAZAMENTO;;;6.470766667;0.0035;0.014;CSV detalhado
30/07/2026;JULHO;9091;TONICA ANTARCTICA LATA 350ML SH C/12 NPAL;3;PUXADA;MANHÃ;578;VAZAMENTO;;;6.2302;0.0035;0.0105;CSV detalhado
30/07/2026;JULHO;9276;PEPSI ZERO PET 2L CAIXA C/6;1;PUXADA;MANHÃ;578;VAZAMENTO;;;4.355066667;0.02;0.02;CSV detalhado
31/07/2026;JULHO;18266;PEPSI COLA PET 200ML SH C/12;1;PUXADA;NOITE;578;VAZAMENTO;;;1.00695;0.002;0.002;CSV detalhado
31/07/2026;JULHO;2008;ANTARCTICA SUBZERO LATA 350ML SH C/12 NPAL;1;PUXADA;NOITE;578;VAZAMENTO;;;2.250633333;0.0035;0.0035;CSV detalhado
31/07/2026;JULHO;20498;BRAHMA DUPLO MALTE LT SLEEK 350ML SH C 12;1;PUXADA;NOITE;578;VAZAMENTO;;;2.707025;0.0035;0.0035;CSV detalhado
31/07/2026;JULHO;20498;BRAHMA DUPLO MALTE LT SLEEK 350ML SH C 12;1;PUXADA;MANHÃ;578;VAZAMENTO;;;2.707025;0.0035;0.0035;CSV detalhado
31/07/2026;JULHO;20535;STELLA ARTOIS ONE WAY 600ML CX C/12 NPAL;1;PUXADA;MANHÃ;577;QUEBRADA;;;6.407483333;0.006;0.006;CSV detalhado
31/07/2026;JULHO;21020;BUDWEISER LT SLEEK 350ML CX CART C 12;3;PUXADA;NOITE;578;VAZAMENTO;;;7.94605;0.0035;0.0105;CSV detalhado
31/07/2026;JULHO;21658;SPATEN N LT SLEEK 350ML CX CART C 12;1;PUXADA;NOITE;578;VAZAMENTO;;;3.34625;0.0035;0.0035;CSV detalhado
31/07/2026;JULHO;22177;BUDWEISER ZERO LT SLEEK 350ML C 8 CX CARTAO;1;PUXADA;NOITE;578;VAZAMENTO;;;2.8877;0.0035;0.0035;CSV detalhado
31/07/2026;JULHO;2319;GUARANA CHP ANTARCTICA PET 1L CAIXA C/12;2;PUXADA;NOITE;578;VAZAMENTO;;;5.703866667;0.01;0.02;CSV detalhado
31/07/2026;JULHO;23546;INDAIA AGUA MINERAL C/GAS GFA PET 500ML PACK C/12;2;PUXADA;MANHÃ;578;VAZAMENTO;;;2.723316667;0.005;0.01;CSV detalhado
31/07/2026;JULHO;25837;SPATEN N LT 473ML CX CARTAO C/12;1;PUXADA;MANHÃ;578;VAZAMENTO;;;7.158333333;0.00473;0.00473;CSV detalhado
31/07/2026;JULHO;29323;INDAIA BEB MISTA CITRUS LARANJA GFA PET 330ML FD C/12;1;PUXADA;MANHÃ;578;VAZAMENTO;;;1.573333333;0.0033;0.0033;CSV detalhado
31/07/2026;JULHO;32500;STELLA ARTOIS PURE GOLD LT SLEEK 350ML C 8 CX CARTAO;1;PUXADA;NOITE;578;VAZAMENTO;;;3.7875;0.0035;0.0035;CSV detalhado
31/07/2026;JULHO;34475;ELEVE AGUA MIN S GAS GFA PET 510ML FD C/12;3;PUXADA;MANHÃ;578;VAZAMENTO;;;2.51;0.0051;0.0153;CSV detalhado
31/07/2026;JULHO;347;SUKITA PET 1L CAIXA C/12;1;PUXADA;MANHÃ;578;VAZAMENTO;;;2.539716667;0.01;0.01;CSV detalhado
31/07/2026;JULHO;6181;AGUA MIN DIAS DAVILA S/GAS PET 500ML CAIXA C/12;1;PUXADA;MANHÃ;578;VAZAMENTO;;;0;0.005;0.005;CSV detalhado
31/07/2026;JULHO;9067;ANTARCTICA PILSEN LATA 350ML SH C/12 NPAL;2;PUXADA;MANHÃ;578;VAZAMENTO;;;4.825666667;0.0035;0.007;CSV detalhado
31/07/2026;JULHO;9068;SKOL LATA 350ML SH C/12 NPAL;4;PUXADA;NOITE;578;VAZAMENTO;;;9.506666667;0.0035;0.014;CSV detalhado
31/07/2026;JULHO;9069;BRAHMA CHOPP LATA 350ML SH C/12 NPAL;5;PUXADA;NOITE;578;VAZAMENTO;;;11.87929167;0.0035;0.0175;CSV detalhado
31/07/2026;JULHO;9085;GUARANA CHP ANTARCTICA DIET LATA 350ML SH C/12 NPAL;1;PUXADA;MANHÃ;578;VAZAMENTO;;;1.861108333;0.0035;0.0035;CSV detalhado
31/07/2026;JULHO;9276;PEPSI ZERO PET 2L CAIXA C/6;1;PUXADA;NOITE;578;VAZAMENTO;;;4.355066667;0.02;0.02;CSV detalhado
31/07/2026;JULHO;9795;GUARANA ANTARCTICA ZERO PET 1L CAIXA C/12;2;PUXADA;MANHÃ;578;VAZAMENTO;;;5.574183333;0.01;0.02;CSV detalhado
