0000018;GAS CARBONICO SKOL CILINDRO 18 KG;0,0000
0000026;GAS CARBONICO BRAHMA CILINDRO 9 KG;0,0000
0000051;GAS CARBONICO BRAHMA CILINDRO 15 KG;0,0000
0000052;GAS CARBONICO BRAHMA CILINDRO 20 KG;0,0000
0000053;GAS CARBONICO BRAHMA CILINDRO 25 KG;0,0000
0000279;BRAHMA CHOPP LONG NECK 355ML SIX-PACK CAIXA C/4;0,0000
0000347;SUKITA PET 1L CAIXA C/12;30,4766
0000361;BRAHMA EXTRA LONG NECK 355ML SIX-PACK BANDEJA C/4;0,0000
0000371;MALZBIER BRAHMA LONG NECK 355ML SIX-PACK BANDEJA C/4;71,3600
0000392;SKOL LONG NECK 355ML SIX-PACK CAIXA C/4;0,0000
0000503;SUKITA PET 2L CAIXA C/6;19,4514
0000504;PEPSI COLA PET 2L CAIXA C/6;26,9727
0000576;SUKITA 290ML;0,0000
0000620;CARACU LONG NECK 355ML SIX-PACK BANDEJA C/4;78,1952
0000772;PEPSI COLA MIX BAG IN BOX 18L;0,0000
0000828;CHOPP BRAHMA CLARO BARRIL KEG 30L;0,0000
0000838;CHOPP BRAHMA CLARO BARRIL KEG 50L;13,4000
0000909;PEPSI COLA 284ML;0,0000
0000972;SKOL 300ML;0,0000
0000982;SKOL 600ML;53,3450
0000988;BRAHMA CHOPP 600ML;52,2269
0001114;GUARANA CHP ANTARCTICA PET 3,3 L SH C/04;27,5460
0001116;PEPSI COLA PET 3,3 L SH C/04;28,0955
0001164;SUKITA UVA LATA 350ML SH C/12 NPAL;25,0000
0001166;SUKITA UVA PET 2L CAIXA C/6;20,0878
0001168;GUARAH GUARANA ANTARCTICA PET 500ML CAIXA C/12;0,0000
0001170;GUARAH GUARANA ANTARCTICA PET 1,5L CAIXA C/6;0,0000
0001172;H2OH LIMAO/MACA C/GAS PET 500ML CAIXA C/12;0,0000
0001232;SUKITA UVA PET 2L CAIXA C/8;27,7751
0001388;SKOL GFA VD 1L 2,99;51,4415
0001396;SUKITA UVA PET 1L CAIXA C/12;0,0000
0001684;SKOL ONE WAY 1L CXPAPC/12;0,0000
0001695;BRAHMA CHOPP GFA VD 1L COM TTC;59,8917
0001699;STELLA ARTOIS LT 269ML CX C/8 FRIDGE PACK;21,9457
0001701;SKOL BEATS LT 269ML CX C/8 FRIDGE PACK;0,0000
0001708;GUARANA ANTARCTICA ZERO PET 2,5L CAIXA C/6;48,0000
0001743;ANTARCTICA PILSEN GFA VD 1L COM TTC;40,7643
0001745;SKOL LT 269ML SH C15 NPAL;30,9065
0001898;BRAHMA CHOPP LT 269ML SH C15 NPAL;30,9215
0001994;SUKITA PET 2,5L CAIXA C/6;0,0000
0002006;ANTARCTICA SUBZERO 600ML;60,0000
0002008;ANTARCTICA SUBZERO LATA 350ML SH C/12 NPAL;27,0076
0002104;BRAHMA FRESH GFA VD 1L;35,4490
0002231;GUARANA CHP ANTARCTICA 290ML;0,0000
0002237;TONICA ANTARCTICA 290ML;0,0000
0002243;GUARANA CHP ANTARCTICA MIX BAG IN BOX 18L;0,0000
0002248;SODA LIMONADA ANTARCTICA MIX BAG IN BOX 18L;0,0000
0002250;GUARANA CHP ANTARCTICA DIET MIX BAG IN BOX 18L;0,0000
0002319;GUARANA CHP ANTARCTICA PET 1L CAIXA C/12;34,2232
0002320;SODA LIMONADA ANTARCTICA PET 1L CAIXA C/12;31,8196
0002349;GUARANA CHP ANTARCTICA PET 2L CAIXA C/6;28,3923
0002350;SODA LIMONADA ANTARCTICA PET 2L CAIXA C/6;27,0199
0002353;GUARANA CHP ANTARCTICA DIET PET 2L CAIXA C/6;28,0860
0002354;SODA LIMONADA ANTARCTICA DIET PET 2L CAIXA C/6;41,2800
0002390;GUARANA CHP ANTARCTICA PET 600ML CAIXA C/12;0,0000
0002391;SODA LIMONADA ANTARCTICA PET 600ML CAIXA C/12;0,0000
0002392;GUARANA CHP ANTARCTICA DIET PET 600ML CAIXA C/12;0,0000
0002538;ANTARCTICA PILSEN 600ML;48,2180
0002544;EXTRA SERRAMALTE 600ML;0,0000
0002546;ORIGINAL 600ML;61,0246
0002548;BUDWEISER 600ML;53,6461
0002566;ANTARCTICA PILSEN LONG NECK 355ML SIX-PACK SHRINK C/4;0,0000
0002569;ANTARCTICA MALZEBIER LONG NECK 355ML SIX-PACK SHRINK C/4;0,0000
0002570;ANTARCTICA PILSEN EXTRA CRISTAL LONG NECK 355ML SIX-PACK SHR;0,0000
0002571;KRONENBIER LONG NECK 355ML SIX-PACK SHRINK C/4;0,0000
0002585;GUARANA CHP ANTARCTICA GFA VD 1L;27,6858
0002592;SODA LIMONADA ANTARCTICA 290ML;0,0000
0002595;GUARANA CHP ANTARCTICA DIET 290ML;0,0000
0002655;SODA LIMONADA ANTARCTICA PET 237ML SHRINK C/12;0,0000
0002777;GUARANA CHP ANTARCTICA PET 237ML SHRINK C/12;0,0000
0002919;GAS CARBONICO ANTARCTICA CLINDRO 10 KG;0,0000
0002942;GUARANA CHP ANTARCTICA LATA 350ML TWELVE PACK SHRINK DECORAD;0,0000
0002943;GUARANA CHP ANTARCTICA DIET LATA 350ML TWELVE PACK SHRINK DE;0,0000
0002977;ANTARCTICA PILSEN LATA 350ML SHRINK C/12 DECORADO;0,0000
0003005;SKOL LATA 473ML TWELVE PACK SHRINK TRANSPAREN;0,0000
0003712;SODA LIMONADA ANTARCTICA LATA 350ML TWELVE PACK SHRINK DECOR;0,0000
0003714;TONICA ANTARCTICA LATA 350ML SHRINK C/12 DECORADO;0,0000
0003730;BOHEMIA NOVA EMBALAGEM LATA 350ML TWELVE-PACK CARTAO;0,0000
0003733;BOHEMIA NOVA EMBALAGEM 600ML;47,3942
0003735;BOHEMIA NOVA EMBALAGEM LONG NECK 355ML SIX-PACK SHRINK C/4;0,0000
0004141;PATAGONIA AMB LAG NACIONAL LT SLEEK 350ML C 8 CX CARTAO;31,9500
0004143;PATAGONIA BOH PILS NACIONAL LT SLEEK 350ML C 8 CX CARTAO;28,9397
0004198;PATAGONIA IPA LT SLEEK 350ML C 8 CX CARTAO;31,9414
0004262;MICHELOB ULTRA N LT SLEEK 350ML C 8 CX CARTAO;32,8300
0004293;PEPSI BLACK PET 200ML SH C/12;12,4781
0004340;GAS CARBONICO BRAHMA CLINDRO 10 KG;0,0000
0004367;INDAIA AGUA MINERAL S/GAS GFA PET 1,5L FD C/6;13,5699
0004405;PEPSI TWIST LATA 350ML 12-PACK SHRK DECORADO;0,0000
0004409;PEPSI TWIST PET 2L SHRINK C/6;32,0000
0004910;PEPSI TWIST PET 1L CAIXA C/12;0,0000
0005018;SKOL BEATS LONG NECK 330ML SIX-PACK SHRINK C/4;0,0000
0005317;AGUA MINERAL INDAIA S/GAS PET 500ML CAIXA C/12;0,0000
0005321;AGUA MINERAL INDAIA C/GAS PET 330 ML CAIXA C/ 12;0,0000
0005323;AGUA MINERAL INDAIA S/GAS PET 1,5L CAIXA C/6;0,0000
0005325;AGUA MINERAL INDAIA S/GAS COPO 200ML CAIXA C/48;0,0000
0006072;SKOL BIG NECK 500ML FOUR PACK C/6;0,0000
0006161;LIBER LONG NECK 355ML SIX-PACK SHRINK C/4;0,0000
0006181;AGUA MIN DIAS DAVILA S/GAS PET 500ML CAIXA C/12;6,0800
0006183;AGUA MIN DIAS DAVILA C/GAS PET 500ML CAIXA C/12;14,9800
0006185;AGUA MIN DIAS DAVILA S/GAS PET 1,5L CAIXA C/6;9,3200
0006581;QUILMES ONE WAY 970ML SIX-PACK SHRINK LISO;0,0000
0007325;PEPSI COLA PET 1L CAIXA C/12;34,0946
0007431;SUKITA MIX BAG IN BOX 18L;0,0000
0007500;PEPSI COLA LIGHT PET 2L CAIXA C/6;0,0000
0007605;SKOL LATA 350ML TWELVE PACK SHRINK;0,0000
0007699;PEPSI COLA LATA 350ML TWELVE PACK SHRINK DECORADO;0,0000
0007700;SUKITA LATA 350ML TWELVE PACK SHRINK DECORADO;0,0000
0007702;PEPSI COLA LIGHT LATA 350ML TWELVE PACK SHRINK DECORADO;0,0000
0007794;LIPTON LIMAO LATA 340ML SHRINK C/ 12;0,0000
0007894;AGUA MINERAL INDAIA C/GAS PET 500ML CAIXA C/12;0,0000
0007945;PEPSI COLA PET 2,5L CAIXA C/6;31,3374
0007947;GUARANA CHP ANTARCTICA PET 2,5L CAIXA C/6;32,3482
0007977;GATORADE UVA PET 500ML SIXPACK;23,1437
0007979;GATORADE FRUTAS CITRICAS PET 500ML SIXPACK;28,6800
0007980;GATORADE TANGERINA PET 500ML SIXPACK;23,4085
0007981;GATORADE LARANJA PET 500ML SIXPACK;23,2491
0007982;GATORADE LIMAO PET 500ML SIXPACK;23,4008
0007983;GATORADE MORANGO-MARACUJA PET 500ML SIXPACK;23,3211
0007984;GATORADE NOVOS SABORES PET 500ML SIXPACK;0,0000
0007985;GATORADE MARACUJA PET 500ML SIXPACK;23,8184
0008153;STELLA ARTOIS LONG NECK 275ML SIX PACK CX04;0,0000
0008336;ORIGINAL ONE WAY 600ML CX 12;0,0000
0008411;GUARANA CHP ANTARCTICA PET 1,5 SHRINK C/6;25,0000
0008418;PEPSI COLA PET 1500 CX06;0,0000
0008791;H2OH LIMAO C/GAS PET 500ML CAIXA C/12;30,0750
0008793;H2OH LIMAO C/GAS PET 1,5L CAIXA C/6;28,1522
0008919;GUARANA CHP ANTARCTICA PET 600ML CX12 NPAL;29,3324
0008921;GUARANA CHP ANTARCTICA DIET PET 600ML CX12 NPAL;0,0000
0008923;PEPSI COLA PET 600ML CX12 NPAL;0,0000
0008933;SODA LIMONADA ANTARCTICA PET 600ML CX12 NPAL;0,0000
0009067;ANTARCTICA PILSEN LATA 350ML SH C/12 NPAL;28,9540
0009068;SKOL LATA 350ML SH C/12 NPAL;28,5200
0009069;BRAHMA CHOPP LATA 350ML SH C/12 NPAL;28,5103
0009071;CARACU LATA 350ML SH C/12 NPAL;51,1000
0009072;BOHEMIA NOVA EMBALAGEM LATA 350ML SH C/12 NPAL;33,2600
0009074;KRONENBIER LATA 350ML SH C/12 NPAL;0,0000
0009080;LIBER LATA 350ML SH C/12 NPAL;0,0000
0009081;MALZBIER BRAHMA LATA 350ML SH C/12 NPAL;37,9000
0009083;SKOL LT 473ML SH C/12 NPAL;37,8384
0009084;GUARANA CHP ANTARCTICA LATA 350ML SH C/12 NPAL;22,1225
0009085;GUARANA CHP ANTARCTICA DIET LATA 350ML SH C/12 NPAL;22,3333
0009087;SODA LIMONADA ANTARCTICA LATA 350ML SH C/12 NPAL;19,4123
0009088;SODA LIMONADA ANTARCTICA DIET LATA 350ML SH C/12 NPAL;35,7600
0009089;SUKITA LATA 350ML SH C/12 NPAL;20,6438
0009091;TONICA ANTARCTICA LATA 350ML SH C/12 NPAL;24,9208
0009092;TONICA ANTARCTICA DIET LATA 350ML SH C/12 NPAL;23,5749
0009093;PEPSI TWIST LATA 350ML SH C/12 NPAL;28,9200
0009096;PEPSI COLA LATA 350ML SH C/12 NPAL;20,0276
0009097;PEPSI COLA LIGHT LATA 350ML SH C/12 NPAL;0,0000
0009099;LIPTON LIMAO LATA 340ML SH CX12 NPAL;0,0000
0009132;AGUA M STER BOM S/GAS COPO 200ML CAIXA C/48;0,0000
0009138;AGUA M STER BOM G/GAS PET 350 ML CAIXA C/ 12;0,0000
0009142;AGUA M STER BOM S/GAS PET 510ML CAIXA C/12;0,0000
0009148;AGUA M STER BOM S/GAS PET 1,5L CAIXA C/6;0,0000
0009259;SKOL LATA 350ML SH C/18 NPAL;0,0000
0009274;PEPSI ZERO LATA 350ML SH C/12 NPAL;21,8884
0009276;PEPSI ZERO PET 2L CAIXA C/6;26,1304
0009320;BRAHMA CHOPP LT 473ML SH C/12 NPAL;35,4597
0009393;BRAHMA FRESH 600ML;0,0000
0009427;ANTARCTICA PILSEN LT 473ML SH C/12 NPAL;45,9000
0009442;PEPSI TWIST MIX BAG IN BOX 18L;0,0000
0009720;BRAHMA FRESH LATA 350ML SH C/12 NPAL;0,0000
0009793;GUARANA ANTARCTICA ICE PET 2L CAIXA C/6;0,0000
0009795;GUARANA ANTARCTICA ZERO PET 1L CAIXA C/12;33,4451
0009805;LEFFE BLONDE ONE WAY 330ML CX C/24;0,0000
0009809;HOEGAARDEN WHITE ONE WAY 330ML CX C/24;0,0000
0010028;SUKITA PET 237ML SHRINK C/12;0,0000
0010030;SUKITA UVA PET 237ML SHRINK C/12;0,0000
0010032;PEPSI COLA PET 237ML SHRINK C/12;0,0000
0010175;ANTARCTICA SUBZERO LT 473ML SH C/12 NPAL;44,8500
0010313;GUARANA ANTARCTICA ACAI LATA 350ML SH C/12 NPAL;0,0000
0010530;ANTARCTICA SUBZERO GFA VD 1L;78,4000
0010537;BOHEMIA GFA VD 990ML;51,6363
0010539;BUDWEISER LATA 350ML SH C/12 NPAL;0,0000
0010746;GUARANA CHP ANTARCTICA ONE WAY 1L GRFE CX C/12;0,0000
0010949;AGUA MINERAL PETROPOLIS S/GAS PET 1,5 SHRINK C/6;19,0000
0011072;FUSION LATA 250ML CX C/15;0,0000
0011084;FUSION LATA 250ML SIX-PACK;0,0000
0011105;H2OH LARANJA C/GAS PET 500ML SHRINK C/12 NPAL;0,0000
0011330;SKOL GFA 1L DESCARTAVEL;0,0000
0011368;BUDWEISER LATA 350ML CX CARTAO C/12 NPAL;0,0000
0011371;BUDWEISER LN 343ML SIXPACK CARTAO SH C/4;0,0000
0011503;ANTARCTICA SUBZERO LT 269ML SH C15 NPAL;0,0000
0011518;SKOL ONE WAY 300ML CXPAP12;0,0000
0011559;SKOL ONE WAY 300ML CX C/24;0,0000
0011593;PEPSI COLA GFA VD 1L;33,9049
0011623;BUDWEISER GFA ALUMINIO 473ML SIXPACK SH C/4;0,0000
0011627;H2OH UVA C/GAS PET 500ML SHRINK C/12 NPAL;0,0000
0011721;GUARANA CHP ANTARCTICA PET 500ML SHRINK C/12 NPAL;0,0000
0011980;FILME SH IN 60MI SK 12 LT 350ML PD;0,0000
0012745;SKOL BEATS EXTREME LT 269ML CX CARTAO C/8 NPAL;0,0000
0012810;MONSTER ENERGY LATA 500ML BANDEJA C/24;0,0000
0012835;SKOL GFA ALUMINIO 473ML SIXPACK SH C/4;0,0000
0012948;BRAHMA CHOPP ZERO LATA 350ML SH C/12 NPAL;30,8914
0012951;BRAHMA CHOPP ZERO LN 355ML SIXPACK CX CART C/04;77,3027
0012978;SKOL BEATS EXTREME LONG NECK 313ML SIX-PACK SH C/4;0,0000
0012980;MONSTER ENERGY LATA 500ML SIXPACK NPAL;0,0000
0012981;MONSTER KHAOS LATA 500ML SIXPACK NPAL;0,0000
0013061;H2OH LIMONETO PET 500ML SHRINK C/12 NPAL;32,7897
0013065;H2OH LIMONETO PET 1,5 SHRINK C/06 NPAL;27,2310
0013194;BRAHMA CHOPP ONE WAY 300ML CX C/23;61,7200
0013196;SKOL ONE WAY 300ML CX C/23;61,7200
0013201;BRAHMA CHOPP GFA VD 300ML CX C/23;39,0754
0013203;ANTARCTICA PILSEN GFA VD 300ML CX C/23;53,9000
0013205;SKOL GFA VD 300ML CX C/23;39,1376
0013213;PEPSI COLA ONE WAY 1L GRFE CX C/12;0,0000
0013307;BUDWEISER GFA VD 990ML CX C/12;56,9571
0013386;SKOL LATA 350ML SH C/12 NPAL PREC 1;0,0000
0013388;SKOL LATA 350ML SH C/12 NPAL PREC 2;0,0000
0013400;BRAHMA CHOPP LATA 350ML SH C/12 NPAL PREC 2;0,0000
0013476;CORONA EXTRA LONG NECK 355ML SIX-PACK CAIXA C/4;0,0000
0013486;FUSION PET 1L SH C/06;38,5800
0013566;SKOL BEATS SENSES LT 269ML CX C/8 FRIDGE PACK;29,4038
0013572;SKOL BEATS SENSES LONG NECK 313ML SIX-PACK SH C/4;0,0000
0013610;GUARANA ANTARCTICA BLACK LATA 350ML SH C/12;0,0000
0013632;GUARANA ANTARCTICA BLACK PET 2L SHRINK C/6 NPAL;0,0000
0013827;CORONA EXTRA LONG NECK 355ML SIX-PACK C/4 - CX70 AUSTRALIA;0,0000
0013839;BUDWEISER LT 269ML CX C/8 FRIDGE PACK;18,2275
0013843;EXTRA SERRAMALTE ONE WAY 300ML CXPAP12;0,0000
0014048;CORONITA EXTRA ONE WAY 207ML SIXPACK CX C/4;0,0000
0014056;SKOL ULTRA LONG NECK 275ML SIX PACK CX04;0,0000
0014058;SKOL ULTRA LT 310ML CX C/8 FRIDGE PACK;0,0000
0014074;BRAHMA EXTRA LAGER 600ML;0,0000
0014099;BUDWEISER ONE WAY 600ML CX C/12 NPAL;60,3036
0014103;WALS SESSION ONE WAY 600ML CX C/12 ARTE;0,0000
0014111;WALS BOHEMIA PILSEN ONE WAY 600ML CX C/12 ARTE;0,0000
0014117;BRAHMA EXTRA LAGER LONG NECK 355ML SIX-PACK SHRINK C/4;0,0000
0014120;BRAHMA EXTRA WEISS LONG NECK 355ML SIX-PACK SHRINK C/4;0,0000
0014123;BRAHMA EXTRA RED LAGER LONG NECK 355ML SIX-PACK SHRINK C/4;0,0000
0014135;BUDWEISER LATA 473ML SIX-PACK SH C/2 NPAL;38,7823
0014283;WALS DUBBEL ONE WAY 375ML CX C/12 ARTE;188,2309
0014293;WALS TRIPPEL ONE WAY 375ML CX C/12 ARTE;166,5859
0014340;ORIGINAL ONE WAY 300ML CXPAP12;0,0000
0014548;COLORADO CAUIM ONE WAY 600ML CX C-12 ARTE;0,0000
0014550;COLORADO APPIA ONE WAY 600ML CX C-12 ARTE;133,4597
0014552;COLORADO INDICA ONE WAY 600ML CX C-12 ARTE;0,0000
0014554;COLORADO DEMOISELLE ONE WAY 600ML CX C-12 ARTE;0,0000
0014556;COLORADO VIXNU ONE WAY 600ML CX C-12 ARTE;0,0000
0014672;SKOL BEATS SPIRIT LONG NECK 313ML SIX-PACK SH C/4;0,0000
0014674;SKOL BEATS SPIRIT LT 269ML CX C/8 FRIDGE PACK;0,0000
0014842;PEPSI COLA LT 269ML SH C/15;0,0000
0014844;GUARANA CHP ANTARCTICA LT 269ML SH C/15;0,0000
0015054;EXTRA SERRAMALTE ONE WAY 600ML CX 12;0,0000
0015130;SKOL BEATS SECRET LONG NECK 313ML SIX-PACK SH C/4;0,0000
0015132;SKOL BEATS SECRET LT 269ML CX C/8 FRIDGE PACK;0,0000
0015134;STELLA ARTOIS ONE WAY 550ML CX C/12;0,0000
0015190;PEPSI ZERO MIX BAG IN BOX 18L;0,0000
0015247;SKOL BEATS SENSES LT 269ML SH C15 NPAL;0,0000
0015296;SKOL BEATS SPIRIT LT 269ML SH C15 NPAL;0,0000
0015488;GUARANA ANTARCTICA ZERO LATA 350ML SH C/12 NPAL;0,0000
0015672;CORONITA EXTRA ONE WAY 210ML CX C/4 SIX PACK;0,0000
0015778;BRAHMA EXTRA LAGER LATA 350ML CX CARTAO C/12 NPAL;0,0000
0015992;DO BEM UVA TETRAPAK 200ML CX18;0,0000
0016503;BOHEMIA GFA VD 300ML CX C/23;38,2818
0016665;COLORADO APPIA ONE WAY 300ML CX C/12 ARTE;0,0000
0016810;DO BEM TODO DIA UVA TETRAPAK 1L CX12;0,0000
0017202;BUDWEISER ONE WAY 600ML CX C/12 NPAL NENO VERSION;0,0000
0017266;BOHEMIA LT 473ML CX CARTAO C/12;73,0000
0017268;PATAGONIA BOH PILS NACIONAL LN 355ML CX C/12;51,5748
0017276;PATAGONIA AMB LAG NACIONAL LN 355ML CX C/12;51,8890
0017278;PATAGONIA WEISSE NACIONAL LN 355ML CX C/12;54,1466
0017608;SKOL LONG NECK 275ML SIX PACK CX04;0,0000
0017757;BECKS N LONG NECK 330ML SIX-PACK SHRINK C/4;98,8239
0017808;BUDWEISER OW 330ML CX C/24;90,6682
0017810;BUDWEISER ONE WAY 550ML CX C/12;0,0000
0017944;BRAHMA EXTRA LAGER GFA VD 300ML CX C/23;0,0000
0018114;SKOL HOPS 600ML;0,0000
0018116;SKOL HOPS LT 269ML CX CARTAO C/8 NPAL;0,0000
0018142;GOOSE ISLAND MIDWAY NAC LN 355ML CX C/12;81,7620
0018152;GUARANA CHP ANTARCTICA PET 200ML SH C/12;13,2126
0018266;PEPSI COLA PET 200ML SH C/12;12,0834
0018267;SODA LIMONADA ANTARCTICA PET 200ML SH C/12;12,2419
0018268;SUKITA PET 200ML SH C/12;12,4744
0018345;AGUA MINERAL S/ GAS AMA PET 500ML SH C-12 NPAL;0,0000
0018673;SKOL PURO MALTE GFA VD 300ML CX C/23;0,0000
0018676;SKOL PURO MALTE LT 473ML SH C/12 NPAL;24,7100
0018677;SKOL PURO MALTE 600ML;75,0000
0018678;SKOL PURO MALTE GFA VD 1L;0,0000
0018680;SKOL PURO MALTE LATA 350ML SH C/12 NPAL;0,0000
0018752;PATAGONIA WEISSE NACIONAL ONE WAY 740ML CX6;71,9600
0018772;PATAGONIA AMB LAG NACIONAL ONE WAY 740ML CX6;71,9600
0018780;CORONITA EXTRA N OW 210ML CX C/4 SIX PACK;83,6345
0018807;STELLA ARTOIS LONG NECK 330ML SIX-PACK SHRINK C/4;101,7217
0018833;SKOL PURO MALTE LONG NECK 275ML SIX PACK CX04 PULL OFF;79,8401
0018836;CORONA EXTRA N LONG NECK 330ML CX C/24 NPAL;118,0086
0019164;GUARANA CHP ANTARCTICA PET 1L PACK C/2 MULTPACK;3,8986
0019166;COLORADO LAGER ONE WAY 600ML CX C-12 ARTE;112,8752
0019225;RED BULL BR LATA 250ML CX C 24 NPAL .;138,1473
0019227;RED BULL BR LATA 355ML FOUR PACK .;29,0762
0019228;RED BULL BR LATA 250ML FOUR PACK NPAL .;0,0000
0019229;RED BULL BR LATA 250ML SIX PACK NPAL .;37,2286
0019231;RED BULL SUGAR FREE BR LATA 250ML FOUR PACK NPAL .;24,8190
0019305;TONICA ANTARCTICA ZERO LT 269ML SH C/15;26,0018
0019307;TONICA ANTARCTICA 3 LIMOES LT 269ML SH C/15;0,0000
0019321;GUARANA ANTARCTICA ZERO PET 200ML SH C/12;12,8400
0019515;COLORADO LAGER LATA 410ML PACK 12;0,0000
0019644;SKOL PURO MALTE LT SLEEK 350ML SH C 12;28,5112
0019668;ORIGINAL LATA 350ML SH C/12 NPAL;37,5759
0019729;STELLA ARTOIS LT SLEEK 350ML C 8 CX CARTAO;28,8529
0019813;SKOL BEATS GT LT 269ML SH C15 NPAL;0,0000
0019849;BOHEMIA_ LT SLEEK 350ML SH C 12;28,9035
0020072;BECKS N LT SLEEK 350ML C 8 CX CARTAO;0,0000
0020128;BOHEMIA_ ONE WAY 600ML CX 12;0,0000
0020164;SKOL LT 473ML SH C/12 NPAL MULTPACK 12;37,4000
0020174;SKOL BEATS 150 BPM PET 100ML SHIRINK C/15;0,0000
0020217;ORIGINAL GFA VD 300ML CX C/23;45,9387
0020248;MIKES HARD LEMONADE N LONG NECK 275ML CX C/6;0,0000
0020329;BRAHMA DUPLO MALTE 600ML;54,6895
0020498;BRAHMA DUPLO MALTE LT SLEEK 350ML SH C 12;32,4843
0020530;STELLA ARTOIS 600 ML;64,7133
0020533;BRAHMA DUPLO MALTE GFA VD 1L;55,8600
0020535;STELLA ARTOIS ONE WAY 600ML CX C/12 NPAL;76,8898
0020537;BECKS N ONE WAY 600ML CX C/12 NPAL;0,0000
0020544;BRAHMA DUPLO MALTE LONG NECK 330ML SIX-PACK SHRINK C/4;0,0000
0020549;BRAHMA DUPLO MALTE GFA VD 300ML CX C/23;44,1900
0020647;BRAHMA DUPLO MALTE LT 269ML SH C15 NPAL;25,8081
0020651;CORONA EXTRA N LT SLEEK 350ML C 8 CX CARTAO;29,9470
0020717;GUARANA CHP ANTARCTICA 100% NATURAL LT 260ML SH C 15;0,0000
0020853;COLORADO LAGER LT SLEEK 350ML C 8 CX CARTAO;34,5800
0021020;BUDWEISER LT SLEEK 350ML CX CART C 12;31,7842
0021023;COLORADO LAGER LATA XSLEEK 410ML CX C12;0,0000
0021025;COLORADO APPIA LATA XSLEEK 410ML CX C12;62,2016
0021113;STELLA ARTOIS SEM GLUTEN LONG NECK 330ML SIX-PACK SHRINK C/4;0,0000
0021116;SKOL BEATS GT LONG NECK 313ML SIX-PACK SH C/4;0,0000
0021119;SKOL BEATS GT LT 269ML CX CARTAO C/8 NPAL;31,2654
0021275;BRAHMA DUPLO MALTE ONE WAY 600ML CX 12;0,0000
0021422;BOHEMIA NOVA EMBALAGEM 600ML NE MG;71,0809
0021426;TEACHERS HIGHLAND CREAM GARRAFA VIDRO 1 L;0,0000
0021441;SUKITA LIMAO PET 2L CAIXA C/6;19,0200
0021526;JOHNNIE WALKER RED LABEL GARRAFA VIDRO 1 L;74,0001
0021527;TANQUERAY GIN LONDON DRY GARRAFA VIDRO 750ML;78,9000
0021529;ABSOLUT ORIGINAL GARRAFA VIDRO 1 L;77,8500
0021530;SMIRNOFF ORIGINAL GARRAFA VIDRO 998ML;30,2801
0021632;SPATEN N LN 355ML SIXPACK SH C/4;94,5838
0021658;SPATEN N LT SLEEK 350ML CX CART C 12;40,1550
0021666;RED BULL TROPICAL BR LATA 250ML FOUR PACK NPAL .;24,8190
0021668;SPATEN N ONE WAY 600ML CX C/12 NP ARTE;70,3093
0021733;SKOL BEATS ZODIAC AGUA LT 269ML CX CARTAO C/8 NPAL;0,0000
0021735;SKOL BEATS ZODIAC AR LT 269ML CX CARTAO C/8 NPAL;0,0000
0021737;SKOL BEATS ZODIAC FOGO LT 269ML CX CARTAO C/8 NPAL;0,0000
0021739;SKOL BEATS ZODIAC TERRA LT 269ML CX CARTAO C/8 NPAL;0,0000
0021775;SELETA OURO GARRAFA VIDRO 1 L;0,0000
0021776;SELETA PRATA GARRAFA VIDRO 1 L;0,0000
0021778;JOHNNIE WALKER RED LABEL GARRAFA VIDRO 750ML;59,0000
0021779;VELHO BARREIRO GARRAFA VIDRO 910ML;0,0000
0021781;SMIRNOFF ICE GARRAFA VD 275ML CX C24;154,8900
0021786;MONTILLA CARTA BRANCA GARRAFA VIDRO 1 L;22,0000
0021787;DREHER GARRAFA VIDRO 900ML;18,5100
0021788;BALLANTINES FINEST GARRAFA VIDRO 1 L;83,3900
0021789;ORLOFF GARRAFA VIDRO 1 L;29,9700
0021791;PIRASSUNUNGA 51 GARRAFA VIDRO 965ML;9,3000
0021792;WHITE HORSE GARRAFA VIDRO 1 L;62,1289
0021880;GUARANA CHP ANTARCTICA PET 1L PACK C/2 MULTPACK NENO;0,0000
0021955;CHIVAS REGAL 12 ANOS GARRAFA VIDRO 1 L;144,8100
0021968;TRIDENT HORTELA ENVELOPE 8G CX C/21;34,0499
0021970;TRIDENT MENTA ENVELOPE 8G CX C/21;34,0499
0021973;TRIDENT MELANCIA ENVELOPE 8G CX C/21;34,0400
0021974;TRIDENT TUTTI-FRUTTI ENVELOPE 8G CX C/21;34,0499
0022003;HALLS CEREJA ENVELOPE 28G CX C/21;21,8499
0022005;HALLS MENTA ENVELOPE 28G CX C/21;21,8499
0022007;HALLS EXTRA FORTE ENVELOPE 28G CX C/21;21,8498
0022009;CHICLETE ADAMS HORTELA CAIXINHA 2,8G CX C/100;18,6500
0022027;COLORADO APPIA LT SLEEK 350ML C8 CX CARTAO NPAL;35,0000
0022049;SELETA GARRAFA VD 600ML;0,0000
0022106;MINI OREO PCT 35G CX C/10;18,0700
0022177;BUDWEISER ZERO LT SLEEK 350ML C 8 CX CARTAO;23,1016
0022180;BUDWEISER ZERO LONG NECK 330ML SIX-PACK SHRINK C/4;86,5156
0022200;TONICA ANTARCTICA PET 1 L SH C/06;27,3100
0022202;TONICA ANTARCTICA ZERO PET 1L SH C/06;25,6700
0022326;BRAHMA DUPLO MALTE LT 473ML SH C/12 NPAL;37,6700
0022330;MENDORATO PCT 27G CX C/60;26,5300
0022382;PASSPORT SELECTION GARRAFA VIDRO 1 L;31,7900
0022508;PERGOLA SEL. VINHO TINTO SUAVE GARRAFA VIDRO 750ML;19,9300
0022514;BALLANTINES FINEST GARRAFA VIDRO 750ML;50,3900
0022543;ROCKS STRAMBERRY GARRAFA VIDRO 1 L;24,3200
0022562;DOMECQ COQ. COMPOSTO GARRAFA VIDRO 1 L;42,1900
0022783;BUDWEISER LATA 310ML CX CARTAO C/15 MULTPACK 15;98,6328
0022813;BUDWEISER LATA 310ML CX C/6 MULTPACK;0,0000
0022815;BRAHMA DUPLO MALTE LATA 310ML CX C/6 MULTPACK;0,0000
0022819;BOHEMIA LATA 310ML CX C/6 MULTPACK 06;0,0000
0022859;PIRAQUE LEITE MALTADO PCT 160G CX C/40;140,0000
0022860;PIRAQUE BISC AGUA GERGELIM PCT 240G CX C/40;70,0000
0022871;PIRAQUE ROLADINHO GOIABA PCT 75G CX C/40;120,8000
0022876;PIRAQUE BISC SALG QUEIJINHO PCT 100G CX C/20;50,0000
0023028;BUCHANANS WHISKY DELUXE 12 ANOS GARRAFA VIDRO 1 L;180,8600
0023029;JOHNNIE WALKER BLACK LABEL GARRAFA VIDRO 1 L;122,3400
0023058;PIRACANJUBA DESNATADO CX 1L CX C/12;0,0000
0023184;PITU AGUARDENTE LT 350ML CX C/12;48,0300
0023186;SPATEN N 600ML;60,5702
0023193;BEATS MOSCOW MULE LT 269ML CX CARTAO C/8 NPAL;0,0000
0023194;BEATS MOJITO LT 269ML CX CARTAO C/8 NPAL;0,0000
0023218;PATAGONIA IPA LN 355ML CX C/12;0,0000
0023246;PIRACANJUBA LEITE CONDENSADO TETRAPAK 395G CX C/27;120,9600
0023256;PIRACANJUBA CREME DE LEITE TETRAPAK 200G CX C/27;72,6300
0023269;SKOL BEATS GT LONG NECK 269ML SIX-PACK SH C/4;115,9491
0023271;SKOL BEATS SENSES LONG NECK 269ML SIX-PACK SH C/4;107,1100
0023440;SALINAS TRAD. CACHACA GARRAFA VIDRO 1 L;0,0000
0023441;SALINAS CRISTALINA CACHACA GARRAFA VIDRO 1 L;29,4600
0023443;PITU AGUARDENTE GARRAFA VIDRO 965ML;9,5000
0023449;MIKES HARD LEMONADE N LT 269ML SH C12 NP;40,0000
0023450;MIKES HARD LEMONADE PITAIA N LT 269ML SH C12 NP;0,0000
0023451;MIKES HARD LEMONADE TANGERINA N LT 269ML SH C12 NP;0,0000
0023546;INDAIA AGUA MINERAL C/GAS GFA PET 500ML PACK C/12;16,3399
0023552;INDAIA AGUA MINERAL S/GAS GFA PET 500ML PACK C/12;14,2098
0023594;PIRAKIDS BEBIDA LACTEA CHOCOLATE TETRA PAK 200 ML CX C/27;31,0700
0023600;PIRACANJUBA WHEY BEB. LACT. ZL CACAU TETRAPAK 250ML CX C/12;50,4000
0023602;PIRACANJUBA WHEY BEB. LACT. ZL BAUNILHA TETRAPAK 250ML CX C/;50,4000
0023608;PIRACANJUBA LEITE EM PO INTEGRAL SACO AL. 200G FD C/50;0,0000
0023651;PARATUDO RAIZES AMARGAS GARRAFA VIDRO 900ML;16,1100
0023671;CERVEGELA PLASTICA BRAHMA 1 UN P/ GFA 1L CX C/3;51,7700
0023672;CERVEGELA PLASTICA BRAHMA 1 UN P/ GFA 600ML CX C/3;51,7700
0023673;CERVEGELA PLASTICA SKOL 1 UN P/ GFA 1L CX C/3;51,7700
0023674;CERVEGELA PLASTICA SKOL 1 UN P/ GFA 600ML CX C/3;51,7700
0023731;GATORADE MELANCIA-MORANGO PET 500ML SIXPACK;28,0000
0024161;S. JOAO BARRA CONHAQUE ALC. GARRAFA VIDRO 900ML;19,3000
0024168;MICHELOB ULTRA N LONG NECK 330ML SIX-PACK SHRINK C/4;130,8600
0024184;PIRAQUE MALTADO COBERTO CHOCOLATE PCT 80G CX C/40;120,8000
0024256;PETROPOLIS AGUA MIN SEM GAS PET 1,5 SHRINK C/6;9,4999
0024304;TODDYNHO 200ML TETRA PAK 200 ML CX C/27;55,5600
0024306;RED BULL MELANCIA LATA 250ML FOUR PACK NPAL;23,8590
0024408;QUINTA DO MORGADO VINHO TINTO SECO GFA VD 750 ML;13,7700
0024409;QUINTA DO MORGADO VINHO TINTO SUAVE GFA VD 750 ML;14,2400
0024410;QUINTA DO MORGADO VINHO BRANCO SUAVE GFA VD 750 ML;16,0000
0024411;QUINTA DO MORGADO VINHO BRANCO SECO GFA VD 750 ML;13,7700
0024479;BOHEMIA LONG NECK 330ML SIX-PACK SHRINK C/4;78,4163
0024486;GALLO AZEITE OLIVA EX. VIR. GFA VDR 500ML;29,9700
0024488;GALLO AZEITE OLIVA EX. VIR. GFA VDR 250ML;17,2100
0024604;MINALBA AGUA PREMIUM C/GAS GFA VDR 300ML CX/12;56,7000
0024609;MINALBA AGUA PREMIUM S/GAS GFA VDR 300ML CX/12;49,0000
0025151;OLD PARR WHISKY GFA VDR 1L;108,9172
0025160;BLACK & WHITE WHISKY GFA VDR 1L;53,0000
0025174;51 ICE BALADA GARRAFA VD 275ML CX C24;116,0000
0025176;51 ICE FRUIT MIX MORANGO + LARANJA GARRAFA VD 275ML CX C24;116,0000
0025178;51 ICE LIMAO GARRAFA VD 275ML CX C24;100,4799
0025194;CACHACA 51 LT 350ML CX C/12;29,8161
0025220;CACHACA 51 PIRASS OURO DESCARTAVEL GFA DE VDRO 965ML;12,3000
0025303;GARRAFEIRA PL. PRETO BEES 1 UN P/24 GFA 600ML;31,1600
0025329;SALTON ESPUMANTE BRUT GFA VD 750 ML;40,1800
0025335;SALTON ESPUMANTE BRUT ROSE GFA VD 750 ML;40,1800
0025347;SALTON ESPUMANTE CLASSIC MOSCATEL GFA VD 750 ML;40,1800
0025429;MATUTA CACHACA CRISTAL GARRAFA VIDRO 1 L;21,9200
0025430;MATUTA CACHACA UMBURANA GARRAFA VIDRO 1 L;25,2800
0025434;MATUTA CACHACA MEL E LIMAO GARRAFA VIDRO 1 L;42,8000
0025546;GARRAFEIRA PL. AL. LAT. AB. PRETA BEES 1 UN P/ 23 GFA 300ML;25,0000
0025700;FUSION PET 2L SHRINK C/6;31,0243
0025837;SPATEN N LT 473ML CX CARTAO C/12;85,9000
0026037;MONTILLA CARTA CRISTAL GFA VDR 1L;22,9700
0026099;TRIDENT XFRESH INTENSE ENVELOPE 8G CX21_;37,9000
0026462;ORIGINAL LT 473ML CX CARTAO C/12;41,6734
0026607;RED BULL PITAYA LATA 250ML FOUR PACK NPAL;25,0100
0026991;WHITE HORSE GFA VIDRO 700ML;0,0000
0026994;SMIRNOFF ORIGINAL GFA VDR 600ML;0,0000
0027001;GORDONS GIN DRY GFA VD 750 ML;54,9000
0027177;HALLS MENTOL ENVELOPE 28G CX C/21;21,8499
0027179;HALLS MORANGO ENVELOPE 28G CX C/21;21,8499
0027522;CACHACA 51 PIRASSUNUNGA GFA VD 965ML RET CX/12;64,2820
0027559;CACHACA 51 PIRASSUNUNGA OURO GFA VD 965ML RET CX/12;89,6368
0027560;CASILLERO DEL DIABLO VINH RESERVA MALBEC GFA VD 750 ML;51,5700
0027562;CASILLERO DEL DIABLO VINH RESERVA MERLOT GFA VD 750 ML;51,5700
0027566;RESERVADO VINHO SWEET RED GFA VD 750 ML;28,8100
0027613;CASILLERO DEL DIABLO VNH RSV CABER SAUVG GFA VD 750 ML;51,5700
0027624;RESERVADO VINHO MALBEC GFA VD 750 ML;28,8100
0027686;MIKES HARD LEMONADE N LONG NECK 275ML SIX PACK SH C/4;126,4600
0027704;MIKES HARD LEMONADE PITAIA N LONG NECK 275ML SIX PACK SH C/4;126,7649
0027866;CORONA CERO SUNBREW N LONG NECK 330 ML SP BASKET CX C4;119,8000
0028137;SKOL BEATS CAIPIRINHA LT 269ML CX CARTAO C/8 NPAL;32,5776
0028202;BUBBALOO TUTTI FRUTTI DISPLAY 300G;0,0000
0028203;BUBBALOO MORANGO DISPLAY 300G;11,3100
0028204;BUBBALOO UVA DISPLAY 300G;10,9900
0028698;OREO ORIGINAL BISCOITO RECHEADO PCT 90G CX 48;0,0000
0028700;OREO ORIGINAL BISCOITO RECHEADO PACOTE 36G CX8;0,0000
0029197;TANG REFRESCO EM PO LIMAO PCT 18G DP C/18;13,3799
0029199;TANG REFRESCO EM PO LARANJA PCT 18G DP C/18;13,3700
0029201;TANG REFRESCO EM PO ABACAXI PCT 18G DP C/18;13,3799
0029207;TANG REFRESCO EM PO MORANGO PCT 18G DP C/18;13,3700
0029209;TANG REFRESCO EM PO MARACUJA PCT 18G DP C/18;13,3700
0029215;TANG REFRESCO EM PO UVA PCT 18G DP C/18;13,3700
0029253;ORIGINAL GFA VD 1L;62,8533
0029323;INDAIA BEB MISTA CITRUS LARANJA GFA PET 330ML FD C/12;18,8800
0029326;INDAIA BEB MISTA CITRUS LARANJA GFA PET 1,5L FD C/6;0,0000
0029416;CERVEGELA BUDWEISER 1 UN P/ GF 600ML CX3;51,7700
0029418;CERVEGELA BUDWEISER LITRAO 1 UN P/ GF 1L PACK C3;51,7700
0029485;SKOL BEATS CAIPIRINHA LONG NECK 269ML SIX-PACK SH C/4;122,6500
0029504;OLD PARR WHISKY 12 ANOS GFA VD 750 ML;98,9000
0029505;CIROC VODKA GFA VD 750 ML;162,3873
0029508;JOHNNIE WALKER WHISKY GOLD LABEL RESERVE GFA VD 750 ML;201,6419
0029518;JOHNNIE WALKER WHISKY BLONDE GFA VD 750 ML;50,6054
0029553;BALDE AL 24 SPATEN MUNICH 1UN BALDE ALUM 6L CX6;0,0000
0029580;STELLA ARTOIS PURE GOLD LONG NECK 330ML SP SH C/4;106,9459
0029733;HALLS MELANCIA ENVELOPE 28G CX C/21;19,9700
0029845;PEPSI BLACK PET 1 L SH C/12;34,4395
0029891;ROCKS DRY GIN GARRAFA VIDRO 1 L;24,3200
0029926;JOHNNIE WALKER BLACK LABEL WHISKY ICONS GARRAFA VIDRO 1 L;177,4200
0030045;RED BULL BR LATA 473ML CX C 12;96,1800
0030132;VITARELLA BISC MARIA TRADICIONAL PCT 350G CX 24;70,0000
0030134;VITARELLA BISC MAIZENA TRADICIONAL PCT 350G CX 24;70,0000
0030136;VITARELLA CREAM CRACKER TRADICIONAL PCT 350G CX 24;89,7500
0030148;TRELOSO BISCOITO RECHEADO CHOCOLATE PCT 120G CX/36;53,2800
0030151;TRELOSO RECHEADO BAUNILHA CHOCORESCO PCT 120G CX/36;53,2800
0030152;TRELOSO BISCOITO RECHEADO MORANGO PCT 120G CX/36;53,2800
0030220;PIRAQUE NEWAFER CHOCOLATE PCT PLAST 100G CX/20;50,6000
0030440;ISABELA BISCOITO SABOR LEITE PCT 350G CX 24;70,0000
0030852;BUBBALOO BALA TUTTI FRUTI DISPLAY 15G CX/12;14,0000
0030854;BUBBALOO BALA MIX DISPLAY 15G CX/12;14,0000
0030878;YPE AMACIANTE TRADICIONAL ACONCHEGO FRASCO PLASTICO 2L;58,4300
0031064;BUDWEISER LT 269ML SH C 15;33,6800
0031272;FUSION LT 473ML SH C/12 NPAL;45,0000
0031582;YPE LAVA LOUCAS LIQUIDO CLEAR FRASCO PLASTICO 500 ML C24;46,1000
0031589;YPE LAVA LOUCAS LIQUIDO MACA FRASCO PLASTICO 500 ML C24;46,1000
0031667;YPE LAVA LOUCAS LIQUIDO NEUTRO FRASCO PLASTICO 500 ML C24;46,1000
0031669;YPE LAVA LOUCAS LIQUIDO COCO FRASCO PLASTICO 500 ML C24;46,1000
0031674;YPE AMACIANTE INTENSO FRASCO PLASTICO 2 L CX6;47,6800
0031678;YPE AMACIANTE CONC BLUE GARDEN FRASCO PLAST 1 L CX12;166,0000
0031708;YPE AMACIANTE CONC BLUE GARDEN FRASCO PLAST 500ML CX/12;83,8000
0031713;YPE AMACIANTE CONC PINK FRASCO PLAST 500ML CX/12;86,2100
0031766;YPE ASSOLAN ESPONJA LA ACO PCT 45 G CX200;250,3500
0031789;YPE AMACIANTE TRADICIONAL ACONCHEGO FRASCO PLASTICO 2 L CX6;47,6800
0031795;BRUTAL FRUIT LONG NECK 275ML SIX PACK SH C 2;103,8000
0031805;YPE TIXAN LAVA ROUPAS LIQ PRIMAVERA FRASCO PLAST 1 L CX12;120,6000
0032036;PIRAQUE MAIZENA PCT PLAST 175G C48;94,0800
0032043;YPE SABAO BARRA ALOE VERA PCT PL 900G C10;11,4900
0032045;YPE SABAO BARRA FRESH PCT PL 900G C10;10,0800
0032067;GATORADE BERRY BLUE PET 500ML SIXPACK;22,7200
0032122;SMIRNOFF VODKA N21 GFA PET 1,75L;0,0000
0032126;AMINDUS GRELHADITOS AMEND. TOR. S/ PELE PCT 24G FD C/60;26,5300
0032128;PACOQUITA QUADRADA PCT PL 18G DSP C/24;10,0100
0032131;PACOQUITA ROLHA EMBALADA PCT 15G PT/50;18,3500
0032155;PACOQUITA ZERO QUADRADA PCT PL 18G DSP C/24;21,2500
0032175;CROKISSIMO AMEND CROC LEV SALGADO PCT 24G FD/36;127,3800
0032349;BEATS TROPICAL LT 269ML CX CARTAO C/8 NPAL;32,1225
0032361;BEATS TROPICAL LONG NECK 269ML SIX-PACK SH C/4;123,3400
0032425;FUSION MELANCIA LT 473ML SH C/12 NPAL;51,4800
0032427;FUSION TROPICAL LT 473ML SH C/12 NPAL;45,0000
0032473;STELLA ARTOIS PURE GOLD LT 473ML CX CARTAO C/12;60,8200
0032500;STELLA ARTOIS PURE GOLD LT SLEEK 350ML C 8 CX CARTAO;30,3000
0032526;PETROPOLIS AGUA MIN SEM GAS GARRAFA PET 500MLCX C12;10,5799
0032528;PETROPOLIS AGUA MIN COM GAS GARRAFA PET 500MLCX C12;12,1699
0032538;PERGOLA SEL. VINHO TINTO SUAVE GARRAFA VIDRO 1 L;21,5000
0032644;BUBBALOO UVA DISPLAY 5G CX/60;12,4399
0032646;BUBBALOO TUTTI FRUTTI DISPLAY 5G CX/60;12,4399
0032648;BUBBALOO MORANGO DISPLAY 5G CX/60;12,4399
0032754;PIRAQUE BISC LEITE MALTADO BLACK PCT PLAST 132G C50;159,0000
0032785;CORONA EXTRA N ONE WAY 600ML GARRAFEIRA C/24;210,4800
0032969;RED BULL SUMMER MORANGO E PESSEGO LATA 250ML FOUR PACK NPAL;31,9600
0033042;YPE LAVA LOUCAS LIQUIDO LIMAO FRASCO PLASTICO 500 ML C24;46,9300
0033046;YPE TIXAN LAVA ROUPAS PO MACIEZ SACHE PLASTICO 800G CX20;168,4000
0033048;YPE TIXAN LAVA ROUPAS PO PRIMAV SACHE PLASTICO 800G CX20;168,4000
0033061;YPE TIXAN LAVA ROUPAS PO MACIEZ SACHE 400G CX C/24;90,0600
0033066;YPE TIXAN LAVA ROUPAS PO PRIMAV SACHE 400G CX C/24;90,0600
0033109;51 OURO AGUARDENTE COMPOSTA LT 350ML CX C/12;50,0171
0033212;SKOL BEATS SENSES PET 1 L SH C/06;60,0000
0033239;PIRAQUE RECH MORANGO PCT 160G CX C/30;76,4000
0033250;PIRAQUE RECH CHOCOLATE PCT 160G CX C/30;76,4000
0033251;PIRAQUE RECH PRETTY PCT 160G CX C/30;76,4000
0033252;PIRAQUE RECH LIMAO PCT 160G CX C/30;76,4000
0033318;VITARELLA NIKITO REC CHOC C MORANGO PCT 120G CX/36;70,0000
0033734;BEATS RED MIX LT 269ML SH C/8;35,2900
0033738;BEATS RED MIX LONG NECK 269ML SIX-PACK SH C/2;67,2300
0033818;ORIGINAL LATA 350ML SHRINK C/12 MULTPACK;37,5800
0033820;BRAHMA CHOPP LATA 350ML SH C/12 NPAL MULTIPACK .;34,9000
0033854;YPE TIXAN LAVA ROUPAS LIQ PRIMAVERA FRASCO PLAST 1L;120,6000
0033857;STELLA ARTOIS PURE GOLD 600ML;108,0000
0034027;GUARANA CHP ANTARCTICA LATA 350ML SH C/12 NPAL MULTIPACK;30,4800
0034263;CORONA CERO SUNBREW N LT SLEEK 350ML C 8 CX CARTAO;28,2100
0034296;TRIDENT CANELA ENVELOPE 8G CX C/21;31,2300
0034298;TRIDENT MORANGO ENVELOPE 8G CX C/21;31,2300
0034320;GUARANA ANTARCTICA ZERO LATA 350ML SH C/12 NPAL MULTIPACK;35,8800
0034325;ELEVE AGUA MIN C GAS GFA PET 510ML FD C/12;17,9000
0034410;HALLS UVA VERDE ENVELOPE 28G CX C/21;30,9000
0034420;RED BULL SUMMER MARACUJA E MELAO LATA 250ML FOUR PACK NPAL;29,1600
0034429;RED BULL SUGAR FREE AMORA LATA 250ML FOUR PACK NPAL;31,9600
0034432;RED BULL TROPICAL BR LATA 473ML CX C 12;140,4400
0034454;H2OH LIMONETO LT SLEEK 350ML SH C 12;33,6000
0034475;ELEVE AGUA MIN S GAS GFA PET 510ML FD C/12;10,0400
0034479;ELEVE AGUA MIN S GAS PET 1,5 SHRINK C/6;13,4200
0034527;YPE AMACIANTE TRADICIONAL ACONCHEGO FRASCO PLASTICO 500 ML C;62,5100
0034529;YPE TIXAN LAVA ROUPAS LIQ MACIEZ FRASCO PLAST 1L CX12;120,6000
0034530;YPE AMACIANTE TRADICIONAL ACONCHEGO FRASCO PLAST 500ML;75,3300
0034608;SKOL LATA 350ML SH C/12 NPAL MULTIPACK;39,0000
0034681;PIRAQUE RECH PRETTY PCT 76G CX40;65,0000
0034683;PIRAQUE RECH LIMAO PCT 76G CX40;90,0000
0034685;PIRAQUE RECH CHOCOLATE PCT 76G CX40;90,0000
0034687;PIRAQUE RECH MORANGO PCT 76G CX40;65,0000
0034770;RED BULL SUGAR FREE POMELO LATA 250ML FOUR PACK NPAL;31,9600
0034890;YPE ASSOLAN ESPONJA LA ACO CX PAPEL CART 1,6KG LEVE 20 PAG 1;25,0000
0034918;DIAS DAVILA AGUA MINERAL S GAS GFA PET 500ML PACK C/12;19,5400
0034920;DIAS DAVILA AGUA MINERAL S GAS GFA PET 1,5L FD C/6;20,1200
0034923;DIAS DAVILA AGUA MINERAL C GAS GFA PET 500ML PACK C/12;19,5900
0035003;TRIDENT XFRESH 5S PRETO CEREJA ENVELOPE 8G CX C/21;34,0400
0035012;MENDORATO PCT 45G DISPLAY C10;13,9500
0035061;YPE AMACIANTE CONC BLUE GARDEN FRASCO PLAST 500 ML;83,8000
0035108;CERVEGELA PLASTICA SPATEN 1 UN P/ GFA 600ML CX3;51,7700
0035134;YPE SABAO BARRA NEUTRO PCT PLAST 800G;8,9500
0035136;YPE SABAO BARRA MULTIATIVO PCT PLAST 800G;8,9500
0035331;BUDWEISER GFA VD 1L;65,6100
0035338;BUDWEISER ZERO LT 473ML SH C/12 NPAL;55,9000
0035617;BEATS GREEN MIX LT 269ML SH C/8;38,7100
0035620;BEATS GREEN MIX LONG NECK 269ML SIX-PACK SH C/4;135,0000
0035980;CASAL GARCIA VINHO ROSE GFA VD 750 ML;53,4900
0035992;CASAL GARCIA VINHO BR VERDE GFA VD 750 ML;51,0000
0036024;SKOL ZERO LONG NECK 330ML SIX-PACK SHRINK C/4;93,8000
0036028;SKOL ZERO LT SLEEK 350ML SH C 12;34,0900
0036034;BUDWEISER LT 473ML SH C12 NP MULTIPACK;64,8800
0037123;YPE SABAO BARRA ALOE VERA PCT PL 160G;11,4900
0037450;BUDWEISER LT SLEEK 350ML SH C 12 MULTIPACK;41,6900
0037576;DOCES VIEIRA PE DE MOCA PCT PLAST 23G POTE C/40;32,8000
0037579;DOCES VIEIRA BEIJO DE LEITE PCT PLAST 23G POTE C/40;39,2000
0037580;DOCES VIEIRA CHURRITOS PCT PLAST 23G POTE C/40;39,2000
0037581;DOCES VIEIRA COCADA BAIANA PCT PLAST 23G POTE C/40;39,2000
0037582;DOCES VIEIRA COCADA BRANCA PCT PLAST 23G POTE C/40;39,2000
0037583;DOCES VIEIRA BEIJO DE MOCA PCT PLAST 23G POTE C/40;39,2000
0037820;MENDORATO AMENDOIM S PELE SALGADO PCT 24G FD C/60;26,5300
0037933;DOCES VIEIRA BRIGADEIRO PCT PLAST 23G POTE C/40;39,2000
0038172;STELLA ARTOIS PURE GOLD ONE WAY 600ML CX C12 NP;116,5500
0038404;CORONA EXTRA N LN 330ML SIXPACK;35,1400
0038405;BUDWEISER ZERO LN 330ML SIXPACK;25,2400
0038406;CORONA CERO SUNBREW N LN 330ML SIX-PACK;34,1400
0038418;HALLS BLUEBERRY ENVELOPE 28G CX C/21;26,7700
0039024;STELLA ARTOIS PURE GOLD LN 330ML SIXPACK;30,6400
0039025;MICHELOB ULTRA N LN 330ML SIXPACK;28,2400
